Workbook

Sheet clean
A1: id | B1: nombre_completo | C1: id | D1: apellido_nombre | E1: edad | F1: sexo | G1: distrito | H1: pactos | I1: cambio_pacto | J1: pueblo_originario | K1: lista_convencion | L1: partido | M1: inp_ip_mp
A2: 1 | B2: ADOLFO NONATO MILLABUR ÑANCUIL | C2: 1 | D2: Millabur, Adolfo | E2: =VLOOKUP(C2,Tabla1[[id]:[EDAD]],4,FALSE) -> 55 | F2: =IF(Tabla1[[#This Row],[SEXO]]="Masculino",0,1) -> 0 | G2: =VLOOKUP(C2,Tabla1[[id]:[DISTRITO ]],6,FALSE) -> 29 | H2: =VLOOKUP(Tabla1[[#This Row],[PACTO POR EL QUE FUE ELECTO]],ref!$A$2:$B$8,2,FALSE) -> 6 | I2: =IF(Tabla1[[#This Row],[CAMBIO DE PACTO DURANTE CONVENCIÓN]]="",0,1) -> 0 | J2: =IF(Tabla1[[#This Row],[PUEBLO ORIGINARIO]]="",0,1) -> 1 | K2: =VLOOKUP(Tabla1[[#This Row],[LISTA EN LA CONVENCIÓN]],ref!A$11:B$21,2,FALSE) -> 10 | L2: {=IFERROR(VLOOKUP(Tabla1[PARTIDO POLÍTICO],partidos_indep!$A$2:$I$27,9,FALSE),VLOOKUP(Tabla1[[#This Row],[PUEBLO ORIGINARIO]],ref!$A$24:$B$33,2,FALSE))} -> 17 | M2: =VLOOKUP(C2,inp_ip_mp!$B$2:$C$156,2,FALSE) -> 1
A3: 2 | B3: ADRIANA CAMILA AMPUERO BARRIENTOS | C3: 2 | D3: Ampuero, Adriana | E3: =VLOOKUP(C3,Tabla1[[id]:[EDAD]],4,FALSE) -> 35 | F3: =IF(Tabla1[[#This Row],[SEXO]]="Masculino",0,1) -> 1 | G3: =VLOOKUP(C3,Tabla1[[id]:[DISTRITO ]],6,FALSE) -> 26 | H3: =VLOOKUP(Tabla1[[#This Row],[PACTO POR EL QUE FUE ELECTO]],ref!$A$2:$B$8,2,FALSE) -> 3 | I3: =IF(Tabla1[[#This Row],[CAMBIO DE PACTO DURANTE CONVENCIÓN]]="",0,1) -> 1 | J3: =IF(Tabla1[[#This Row],[PUEBLO ORIGINARIO]]="",0,1) -> 0 | K3: =VLOOKUP(Tabla1[[#This Row],[LISTA EN LA CONVENCIÓN]],ref!A$11:B$21,2,FALSE) -> 8 | L3: 0 | M3: =VLOOKUP(C3,inp_ip_mp!$B$2:$C$156,2,FALSE) -> 0
A4: 3 | B4: ADRIANA JANET MERCEDES CANCINO MENESES | C4: 3 | D4: Cancino, Adriana | E4: =VLOOKUP(C4,Tabla1[[id]:[EDAD]],4,FALSE) -> 59 | F4: =IF(Tabla1[[#This Row],[SEXO]]="Masculino",0,1) -> 1 | G4: =VLOOKUP(C4,Tabla1[[id]:[DISTRITO ]],6,FALSE) -> 16 | H4: =VLOOKUP(Tabla1[[#This Row],[PACTO POR EL QUE FUE ELECTO]],ref!$A$2:$B$8,2,FALSE) -> 1 | I4: =IF(Tabla1[[#This Row],[CAMBIO DE PACTO DURANTE CONVENCIÓN]]="",0,1) -> 0 | J4: =IF(Tabla1[[#This Row],[PUEBLO ORIGINARIO]]="",0,1) -> 0 | K4: =VLOOKUP(Tabla1[[#This Row],[LISTA EN LA CONVENCIÓN]],ref!A$11:B$21,2,FALSE) -> 3 | L4: 0 | M4: =VLOOKUP(C4,inp_ip_mp!$B$2:$C$156,2,FALSE) -> 1
A5: 4 | B5: AGUSTÍN SQUELLA NARDUCCI | C5: 4 | D5: Squella, Agustín | E5: =VLOOKUP(C5,Tabla1[[id]:[EDAD]],4,FALSE) -> 78 | F5: =IF(Tabla1[[#This Row],[SEXO]]="Masculino",0,1) -> 0 | G5: =VLOOKUP(C5,Tabla1[[id]:[DISTRITO ]],6,FALSE) -> 7 | H5: =VLOOKUP(Tabla1[[#This Row],[PACTO POR EL QUE FUE ELECTO]],ref!$A$2:$B$8,2,FALSE) -> 1 | I5: =IF(Tabla1[[#This Row],[CAMBIO DE PACTO DURANTE CONVENCIÓN]]="",0,1) -> 0 | J5: =IF(Tabla1[[#This Row],[PUEBLO ORIGINARIO]]="",0,1) -> 0 | K5: =VLOOKUP(Tabla1[[#This Row],[LISTA EN LA CONVENCIÓN]],ref!A$11:B$21,2,FALSE) -> 2 | L5: 0 | M5: =VLOOKUP(C5,inp_ip_mp!$B$2:$C$156,2,FALSE) -> 1
A6: 5 | B6: ALEJANDRA ALICIA FLORES CARLOS | C6: 5 | D6: Flores, Alejandra | E6: =VLOOKUP(C6,Tabla1[[id]:[EDAD]],4,FALSE) -> 61 | F6: =IF(Tabla1[[#This Row],[SEXO]]="Masculino",0,1) -> 1 | G6: =VLOOKUP(C6,Tabla1[[id]:[DISTRITO ]],6,FALSE) -> 2 | H6: =VLOOKUP(Tabla1[[#This Row],[PACTO POR EL QUE FUE ELECTO]],ref!$A$2:$B$8,2,FALSE) -> 5 | I6: =IF(Tabla1[[#This Row],[CAMBIO DE PACTO DURANTE CONVENCIÓN]]="",0,1) -> 1 | J6: =IF(Tabla1[[#This Row],[PUEBLO ORIGINARIO]]="",0,1) -> 0 | K6: =VLOOKUP(Tabla1[[#This Row],[LISTA EN LA CONVENCIÓN]],ref!A$11:B$21,2,FALSE) -> 6 | L6: 0 | M6: =VLOOKUP(C6,inp_ip_mp!$B$2:$C$156,2,FALSE) -> 0
A7: 6 | B7: ALEJANDRA PÍA PÉREZ ESPINA | C7: 6 | D7: Pérez, Alejandra | E7: =VLOOKUP(C7,Tabla1[[id]:[EDAD]],4,FALSE) -> 44 | F7: =IF(Tabla1[[#This Row],[SEXO]]="Masculino",0,1) -> 1 | G7: =VLOOKUP(C7,Tabla1[[id]:[DISTRITO ]],6,FALSE) -> 9 | H7: =VLOOKUP(Tabla1[[#This Row],[PACTO POR EL QUE FUE ELECTO]],ref!$A$2:$B$8,2,FALSE) -> 3 | I7: =IF(Tabla1[[#This Row],[CAMBIO DE PACTO DURANTE CONVENCIÓN]]="",0,1) -> 1 | J7: =IF(Tabla1[[#This Row],[PUEBLO ORIGINARIO]]="",0,1) -> 0 | K7: =VLOOKUP(Tabla1[[#This Row],[LISTA EN LA CONVENCIÓN]],ref!A$11:B$21,2,FALSE) -> 9 | L7: 0 | M7: =VLOOKUP(C7,inp_ip_mp!$B$2:$C$156,2,FALSE) -> 0
A8: 7 | B8: ALEXIS REINALDO CAIGUÁN ANCAPAN | C8: 7 | D8: Caiguan, Alexis | E8: =VLOOKUP(C8,Tabla1[[id]:[EDAD]],4,FALSE) -> 46 | F8: =IF(Tabla1[[#This Row],[SEXO]]="Masculino",0,1) -> 0 | G8: =VLOOKUP(C8,Tabla1[[id]:[DISTRITO ]],6,FALSE) -> 29 | H8: =VLOOKUP(Tabla1[[#This Row],[PACTO POR EL QUE FUE ELECTO]],ref!$A$2:$B$8,2,FALSE) -> 6 | I8: =IF(Tabla1[[#This Row],[CAMBIO DE PACTO DURANTE CONVENCIÓN]]="",0,1) -> 0 | J8: =IF(Tabla1[[#This Row],[PUEBLO ORIGINARIO]]="",0,1) -> 1 | K8: =VLOOKUP(Tabla1[[#This Row],[LISTA EN LA CONVENCIÓN]],ref!A$11:B$21,2,FALSE) -> 10 | L8: 17 | M8: =VLOOKUP(C8,inp_ip_mp!$B$2:$C$156,2,FALSE) -> 0
A9: 8 | B9: ALFREDO MORENO ECHEVERRÍA | C9: 8 | D9: Moreno, Alfredo | E9: =VLOOKUP(C9,Tabla1[[id]:[EDAD]],4,FALSE) -> 40 | F9: =IF(Tabla1[[#This Row],[SEXO]]="Masculino",0,1) -> 0 | G9: =VLOOKUP(C9,Tabla1[[id]:[DISTRITO ]],6,FALSE) -> 17 | H9: =VLOOKUP(Tabla1[[#This Row],[PACTO POR EL QUE FUE ELECTO]],ref!$A$2:$B$8,2,FALSE) -> 7 | I9: =IF(Tabla1[[#This Row],[CAMBIO DE PACTO DURANTE CONVENCIÓN]]="",0,1) -> 0 | J9: =IF(Tabla1[[#This Row],[PUEBLO ORIGINARIO]]="",0,1) -> 0 | K9: =VLOOKUP(Tabla1[[#This Row],[LISTA EN LA CONVENCIÓN]],ref!A$11:B$21,2,FALSE) -> 11 | L9: 0 | M9: =VLOOKUP(C9,inp_ip_mp!$B$2:$C$156,2,FALSE) -> 1
A10: 9 | B10: ALONDRA CARRILLO VIDAL | C10: 9 | D10: Carrillo, Alondra | E10: =VLOOKUP(C10,Tabla1[[id]:[EDAD]],4,FALSE) -> 31 | F10: =IF(Tabla1[[#This Row],[SEXO]]="Masculino",0,1) -> 1 | G10: =VLOOKUP(C10,Tabla1[[id]:[DISTRITO ]],6,FALSE) -> 12 | H10: =VLOOKUP(Tabla1[[#This Row],[PACTO POR EL QUE FUE ELECTO]],ref!$A$2:$B$8,2,FALSE) -> 5 | I10: =IF(Tabla1[[#This Row],[CAMBIO DE PACTO DURANTE CONVENCIÓN]]="",0,1) -> 1 | J10: =IF(Tabla1[[#This Row],[PUEBLO ORIGINARIO]]="",0,1) -> 0 | K10: =VLOOKUP(Tabla1[[#This Row],[LISTA EN LA CONVENCIÓN]],ref!A$11:B$21,2,FALSE) -> 6 | L10: 0 | M10: =VLOOKUP(C10,inp_ip_mp!$B$2:$C$156,2,FALSE) -> 0
A11: 10 | B11: ÁLVARO ARTURO JOFRE CÁCERES | C11: 10 | D11: Jofré, Alvaro | E11: =VLOOKUP(C11,Tabla1[[id]:[EDAD]],4,FALSE) -> 50 | F11: =IF(Tabla1[[#This Row],[SEXO]]="Masculino",0,1) -> 0 | G11: =VLOOKUP(C11,Tabla1[[id]:[DISTRITO ]],6,FALSE) -> 2 | H11: =VLOOKUP(Tabla1[[#This Row],[PACTO POR EL QUE FUE ELECTO]],ref!$A$2:$B$8,2,FALSE) -> 7 | I11: =IF(Tabla1[[#This Row],[CAMBIO DE PACTO DURANTE CONVENCIÓN]]="",0,1) -> 0 | J11: =IF(Tabla1[[#This Row],[PUEBLO ORIGINARIO]]="",0,1) -> 0 | K11: =VLOOKUP(Tabla1[[#This Row],[LISTA EN LA CONVENCIÓN]],ref!A$11:B$21,2,FALSE) -> 11 | L11: 7 | M11: =VLOOKUP(C11,inp_ip_mp!$B$2:$C$156,2,FALSE) -> 2
A12: 11 | B12: ALVIN ANTONIO SALDAÑA MUÑOZ | C12: 11 | D12: Saldaña, Alvin | E12: =VLOOKUP(C12,Tabla1[[id]:[EDAD]],4,FALSE) -> 45 | F12: =IF(Tabla1[[#This Row],[SEXO]]="Masculino",0,1) -> 0 | G12: =VLOOKUP(C12,Tabla1[[id]:[DISTRITO ]],6,FALSE) -> 15 | H12: =VLOOKUP(Tabla1[[#This Row],[PACTO POR EL QUE FUE ELECTO]],ref!$A$2:$B$8,2,FALSE) -> 5 | I12: =IF(Tabla1[[#This Row],[CAMBIO DE PACTO DURANTE CONVENCIÓN]]="",0,1) -> 1 | J12: =IF(Tabla1[[#This Row],[PUEBLO ORIGINARIO]]="",0,1) -> 0 | K12: =VLOOKUP(Tabla1[[#This Row],[LISTA EN LA CONVENCIÓN]],ref!A$11:B$21,2,FALSE) -> 6 | L12: 0 | M12: =VLOOKUP(C12,inp_ip_mp!$B$2:$C$156,2,FALSE) -> 0
A13: 12 | B13: AMAYA PAULINA ÁLVEZ MARIN | C13: 12 | D13: Alvez, Amaya | E13: =VLOOKUP(C13,Tabla1[[id]:[EDAD]],4,FALSE) -> 51 | F13: =IF(Tabla1[[#This Row],[SEXO]]="Masculino",0,1) -> 1 | G13: =VLOOKUP(C13,Tabla1[[id]:[DISTRITO ]],6,FALSE) -> 20 | H13: =VLOOKUP(Tabla1[[#This Row],[PACTO POR EL QUE FUE ELECTO]],ref!$A$2:$B$8,2,FALSE) -> 2 | I13: =IF(Tabla1[[#This Row],[CAMBIO DE PACTO DURANTE CONVENCIÓN]]="",0,1) -> 0 | J13: =IF(Tabla1[[#This Row],[PUEBLO ORIGINARIO]]="",0,1) -> 0 | K13: =VLOOKUP(Tabla1[[#This Row],[LISTA EN LA CONVENCIÓN]],ref!A$11:B$21,2,FALSE) -> 4 | L13: 8 | M13: =VLOOKUP(C13,inp_ip_mp!$B$2:$C$156,2,FALSE) -> 2
A14: 13 | B14: ANDRÉS NORBERTO CRUZ CARRASCO | C14: 13 | D14: Cruz, Andrés | E14: =VLOOKUP(C14,Tabla1[[id]:[EDAD]],4,FALSE) -> 48 | F14: =IF(Tabla1[[#This Row],[SEXO]]="Masculino",0,1) -> 0 | G14: =VLOOKUP(C14,Tabla1[[id]:[DISTRITO ]],6,FALSE) -> 20 | H14: =VLOOKUP(Tabla1[[#This Row],[PACTO POR EL QUE FUE ELECTO]],ref!$A$2:$B$8,2,FALSE) -> 1 | I14: =IF(Tabla1[[#This Row],[CAMBIO DE PACTO DURANTE CONVENCIÓN]]="",0,1) -> 0 | J14: =IF(Tabla1[[#This Row],[PUEBLO ORIGINARIO]]="",0,1) -> 0 | K14: =VLOOKUP(Tabla1[[#This Row],[LISTA EN LA CONVENCIÓN]],ref!A$11:B$21,2,FALSE) -> 3 | L14: 0 | M14: =VLOOKUP(C14,inp_ip_mp!$B$2:$C$156,2,FALSE) -> 1
... A156: 155 | B156: YARELA NICOHL GÓMEZ SÁNCHEZ | C156: 155 | D156: Gómez, Yarela | E156: =VLOOKUP(C156,Tabla1[[id]:[EDAD]],4,FALSE) -> 31 | F156: =IF(Tabla1[[#This Row],[SEXO]]="Masculino",0,1) -> 1 | G156: =VLOOKUP(C156,Tabla1[[id]:[DISTRITO ]],6,FALSE) -> 27 | H156: =VLOOKUP(Tabla1[[#This Row],[PACTO POR EL QUE FUE ELECTO]],ref!$A$2:$B$8,2,FALSE) -> 2 | I156: =IF(Tabla1[[#This Row],[CAMBIO DE PACTO DURANTE CONVENCIÓN]]="",0,1) -> 0 | J156: =IF(Tabla1[[#This Row],[PUEBLO ORIGINARIO]]="",0,1) -> 0 | K156: =VLOOKUP(Tabla1[[#This Row],[LISTA EN LA CONVENCIÓN]],ref!A$11:B$21,2,FALSE) -> 4 | L156: 0 | M156: =VLOOKUP(C156,inp_ip_mp!$B$2:$C$156,2,FALSE) -> 2

Sheet partidos_indep
A1: tipo partido o independ | G1: dummy_partido | H1: tag_partido | I1: partido
A2: COMUNISTA DE CHILE | B2: COMUNISTA | C2: DE | D2: CHILE | G2: =IF(B2="INDEPENDIENTE",0,1) -> 1 | H2: PC | I2: =IF(H2=0,0,G2) -> 1
A3: CONVERGENCIA SOCIAL | B3: CONVERGENCIA | C3: SOCIAL | G3: =IF(B3="INDEPENDIENTE",0,1) -> 1 | H3: CS | I3: =IF(H3=0,0,G2+G3) -> 2
A4: DEMOCRATA CRISTIANO | B4: DEMOCRATA | C4: CRISTIANO | G4: =IF(B4="INDEPENDIENTE",0,1) -> 1 | H4: DC | I4: =IF(H4=0,0,G2+G3+G4) -> 3
A5: EVOLUCION POLITICA | B5: EVOLUCION | C5: POLITICA | G5: =IF(B5="INDEPENDIENTE",0,1) -> 1 | H5: EVOPOLI | I5: =IF(H5=0,0,G2+G3+G4+G5) -> 4
A6: FEDERACION REGIONALISTA VERDE SOCIAL | B6: FEDERACION | C6: REGIONALISTA | D6: VERDE | E6: SOCIAL | G6: =IF(B6="INDEPENDIENTE",0,1) -> 1 | H6: FRVS | I6: =IF(H6=0,0,G2+G3+G4+G5+G6) -> 5
A7: INDEPENDIENTE | B7: INDEPENDIENTE | G7: =IF(B7="INDEPENDIENTE",0,1) -> 0 | H7: INDEPENDIENTE | I7: =IF(H7=0,0,G7) -> 0
A8: INDEPENDIENTE COMUNES | B8: INDEPENDIENTE | C8: COMUNES | G8: =IF(B8="INDEPENDIENTE",0,1) -> 0 | H8: INDEPENDIENTE | I8: 99
A9: INDEPENDIENTE COMUNISTA DE CHILE | B9: INDEPENDIENTE | C9: COMUNISTA | D9: DE | E9: CHILE | G9: =IF(B9="INDEPENDIENTE",0,1) -> 0 | H9: INDEPENDIENTE | I9: 98
A10: INDEPENDIENTE CONVERGENCIA SOCIAL | B10: INDEPENDIENTE | C10: CONVERGENCIA | D10: SOCIAL | G10: =IF(B10="INDEPENDIENTE",0,1) -> 0 | H10: INDEPENDIENTE | I10: =IF(H10=0,0,G7+G8+G9+G10) -> 0
A11: INDEPENDIENTE DEMOCRATA CRISTIANO | B11: INDEPENDIENTE | C11: DEMOCRATA | D11: CRISTIANO | G11: =IF(B11="INDEPENDIENTE",0,1) -> 0 | H11: INDEPENDIENTE | I11: =IF(H11=0,0,G7+G8+G9+G10+G11) -> 0
A12: INDEPENDIENTE EVOLUCION POLITICA | B12: INDEPENDIENTE | C12: EVOLUCION | D12: POLITICA | G12: =IF(B12="INDEPENDIENTE",0,1) -> 0 | H12: INDEPENDIENTE | I12: =IF(H12=0,0,G12) -> 0
A13: INDEPENDIENTE FEDERACION REGIONALISTA VERDE SOCIAL | B13: INDEPENDIENTE | C13: FEDERACION | D13: REGIONALISTA | E13: VERDE | F13: SOCIAL | G13: =IF(B13="INDEPENDIENTE",0,1) -> 0 | H13: INDEPENDIENTE | I13: =IF(H13=0,0,G12+G13) -> 0
A14: INDEPENDIENTE IGUALDAD | B14: INDEPENDIENTE | C14: IGUALDAD | G14: =IF(B14="INDEPENDIENTE",0,1) -> 0 | H14: INDEPENDIENTE | I14: =IF(H14=0,0,G12+G13+G14) -> 0
A15: INDEPENDIENTE LIBERAL DE CHILE | B15: INDEPENDIENTE | C15: LIBERAL | D15: DE | E15: CHILE | G15: =IF(B15="INDEPENDIENTE",0,1) -> 0 | H15: INDEPENDIENTE | I15: =IF(H15=0,0,G12+G13+G14+G15) -> 0
A16: INDEPENDIENTE POR LA DEMOCRACIA | B16: INDEPENDIENTE | C16: POR | D16: LA | E16: DEMOCRACIA | G16: =IF(B16="INDEPENDIENTE",0,1) -> 0 | H16: INDEPENDIENTE | I16: =IF(H16=0,0,G12+G13+G14+G15+G16) -> 0
A17: INDEPENDIENTE PROGRESISTA DE CHILE | B17: INDEPENDIENTE | C17: PROGRESISTA | D17: DE | E17: CHILE | G17: =IF(B17="INDEPENDIENTE",0,1) -> 0 | H17: INDEPENDIENTE | I17: =IF(H17=0,0,G17) -> 0
A18: INDEPENDIENTE RADICAL DE CHILE | B18: INDEPENDIENTE | C18: RADICAL | D18: DE | E18: CHILE | G18: =IF(B18="INDEPENDIENTE",0,1) -> 0 | H18: INDEPENDIENTE | I18: =IF(H18=0,0,G17+G18) -> 0
A19: INDEPENDIENTE RENOVACION NACIONAL | B19: INDEPENDIENTE | C19: RENOVACION | D19: NACIONAL | G19: =IF(B19="INDEPENDIENTE",0,1) -> 0 | H19: INDEPENDIENTE | I19: =IF(H19=0,0,G17+G18+G19) -> 0
A20: INDEPENDIENTE REVOLUCION DEMOCRATICA | B20: INDEPENDIENTE | C20: REVOLUCION | D20: DEMOCRATICA | G20: =IF(B20="INDEPENDIENTE",0,1) -> 0 | H20: INDEPENDIENTE | I20: =IF(H20=0,0,G17+G18+G19+G20) -> 0
A21: INDEPENDIENTE SOCIALISTA DE CHILE | B21: INDEPENDIENTE | C21: SOCIALISTA | D21: DE | E21: CHILE | G21: =IF(B21="INDEPENDIENTE",0,1) -> 0 | H21: INDEPENDIENTE | I21: =IF(H21=0,0,G17+G18+G19+G20+G21) -> 0
A22: INDEPENDIENTE UNION DEMOCRATA INDEPENDIENTE | B22: INDEPENDIENTE | C22: UNION | D22: DEMOCRATA | E22: INDEPENDIENTE | G22: =IF(B22="INDEPENDIENTE",0,1) -> 0 | H22: INDEPENDIENTE | I22: =IF(H22=0,0,G22) -> 0
A23: POR LA DEMOCRACIA | B23: POR | C23: LA | D23: DEMOCRACIA | G23: =IF(B23="INDEPENDIENTE",0,1) -> 1 | H23: PPD | I23: =IF(H23=0,0,SUM(G2:G23)) -> 6
A24: RENOVACION NACIONAL | B24: RENOVACION | C24: NACIONAL | G24: =IF(B24="INDEPENDIENTE",0,1) -> 1 | H24: RN | I24: =IF(H24=0,0,SUM(G2:G24)) -> 7
A25: REVOLUCION DEMOCRATICA | B25: REVOLUCION | C25: DEMOCRATICA | G25: =IF(B25="INDEPENDIENTE",0,1) -> 1 | H25: RD | I25: =IF(H25=0,0,SUM(G2:G25)) -> 8
A26: SOCIALISTA DE CHILE | B26: SOCIALISTA | C26: DE | D26: CHILE | G26: =IF(B26="INDEPENDIENTE",0,1) -> 1 | H26: PS | I26: =IF(H26=0,0,SUM(G2:G26)) -> 9
A27: UNION DEMOCRATA INDEPENDIENTE | B27: UNION | C27: DEMOCRATA | D27: INDEPENDIENTE | G27: =IF(B27="INDEPENDIENTE",0,1) -> 1 | H27: UDI | I27: =IF(H27=0,0,SUM(G2:G27)) -> 10
A28: PUEBLOS | G28: 0 | H28: PUEBLOS | I28: 17

Sheet ref
A1: pactos | B1: id_pactos
A2: APRUEBO | B2: 1
A3: APRUEBO DIGNIDAD | B3: 2
A4: DEL PUEBLO | B4: 3
A5: NUEVA CONSTITUCION | B5: 4
A6: OTROS | B6: 5
A7: PUEBLOS ORIGINARIOS | B7: 6
A8: VAMOS POR CHILE | B8: 7
A10: lista | B10: id_lista
A11: Chile Digno | B11: 1
A12: Colectivo Apruebo | B12: 2
A13: Colectivo Socialista | B13: 3
A14: Frente Amplio | B14: 4
A15: Mixto | B15: 5
A16: Movimiento Sociales Constituyentes | B16: 6
A17: Nueva Constitución | B17: 7
A18: Otros | B18: 8
A19: Pueblo Constituyente | B19: 9
A20: Pueblos Originarios | B20: 10
A21: Vamos por Chile | B21: 11
A23: PUEBLO ORIGINARIO | B23: id_alt_partidos
A24: AIMARA | B24: 11
A25: ATACAMEÑO | B25: 12
A26: CHANGO | B26: 13
A27: COLLA | B27: 14
A28: DIAGUITA | B28: 15
A29: KAWASHKAR | B29: 16
A30: MAPUCHE | B30: 17
A31: QUECHUA | B31: 18
A32: RAPANUI | B32: 19
A33: YAGAN | B33: 20

Sheet pacto
A1: nome_pactos | B1: pactos
A2: APRUEBO | B2: 1
A3: APRUEBO DIGNIDAD | B3: 2
A4: DEL PUEBLO | B4: 3
A5: NUEVA CONSTITUCION | B5: 4
A6: OTROS | B6: 5
A7: PUEBLOS ORIGINARIOS | B7: 6
A8: VAMOS POR CHILE | B8: 7

Sheet perfiles
A1: NOMBRE CONVENCIONAL CONSTITUYENTE | B1: id | C1: apellido, nombre | D1: FECHA DE NACIMIENTO | E1: EDAD | F1: SEXO | G1: DISTRITO | H1: PACTO POR EL QUE FUE ELECTO | I1: CAMBIO DE PACTO DURANTE CONVENCIÓN | J1: PUEBLO ORIGINARIO | K1: LISTA EN LA CONVENCIÓN | L1: PARTIDO POLÍTICO | M1: COMISIONES DE REGLAMENTOS DE LA CONVENCIÓN | N1: MIEMBRO COMISIÓN | O1: CAMBIO | P1: COMISIÓN DE SISTEMATIZACIÓN
A2: ADOLFO NONATO MILLABUR ÑANCUIL | B2: =VLOOKUP(Tabla1[[#This Row],[NOMBRE CONVENCIONAL CONSTITUYENTE]],all!$A$2:$B$156,2,FALSE) -> 1 | C2: =VLOOKUP(Tabla1[[#This Row],[id]],apellido_nombre!$J$2:$K$155,2,FALSE) -> Millabur, Adolfo | D2: 1966-08-30 | E2: 55 | F2: Masculino | G2: 29 | H2: PUEBLOS ORIGINARIOS | J2: MAPUCHE | K2: Pueblos Originarios | M2: Comisión de DD.HH, Verdad Histórica para la Justicia, Reparación y Garantías de no Repetición | N2: Forma de Estado | P2: Normas Transitorias
A3: ADRIANA CAMILA AMPUERO BARRIENTOS | B3: =VLOOKUP(Tabla1[[#This Row],[NOMBRE CONVENCIONAL CONSTITUYENTE]],all!$A$2:$B$156,2,FALSE) -> 2 | C3: =VLOOKUP(Tabla1[[#This Row],[id]],apellido_nombre!$J$2:$K$155,2,FALSE) -> Ampuero, Adriana | D3: 1986-12-01 | E3: 35 | F3: Femenino | G3: 26 | H3: DEL PUEBLO | I3: INDEPENDIENTE | K3: Otros | L3: INDEPENDIENTE | M3: Comisión Provisoria de Descentralización, Equidad y Justicia Territorial | N3: Forma de Estado | P3: Normas Transitorias
A4: ADRIANA JANET MERCEDES CANCINO MENESES | B4: =VLOOKUP(Tabla1[[#This Row],[NOMBRE CONVENCIONAL CONSTITUYENTE]],all!$A$2:$B$156,2,FALSE) -> 3 | C4: =VLOOKUP(Tabla1[[#This Row],[id]],apellido_nombre!$J$2:$K$155,2,FALSE) -> Cancino, Adriana | D4: 1962-06-22 | E4: 59 | F4: Femenino | G4: 16 | H4: APRUEBO | K4: Colectivo Socialista | L4: INDEPENDIENTE SOCIALISTA DE CHILE | M4: Comisión de Presupuestos y Administración Interior | N4: Derechos Fundamentales | P4: Preámbulo
A5: AGUSTÍN SQUELLA NARDUCCI | B5: =VLOOKUP(Tabla1[[#This Row],[NOMBRE CONVENCIONAL CONSTITUYENTE]],all!$A$2:$B$156,2,FALSE) -> 4 | C5: =VLOOKUP(Tabla1[[#This Row],[id]],apellido_nombre!$J$2:$K$155,2,FALSE) -> Squella, Agustín | D5: 1944-04-26 | E5: 78 | F5: Masculino | G5: 7 | H5: APRUEBO | K5: Colectivo Apruebo | L5: INDEPENDIENTE LIBERAL DE CHILE | M5: Comisión de Reglamentos | N5: Principios Constitucionales | P5: Armonización
A6: ALEJANDRA ALICIA FLORES CARLOS | B6: =VLOOKUP(Tabla1[[#This Row],[NOMBRE CONVENCIONAL CONSTITUYENTE]],all!$A$2:$B$156,2,FALSE) -> 5 | C6: =VLOOKUP(Tabla1[[#This Row],[id]],apellido_nombre!$J$2:$K$155,2,FALSE) -> Flores, Alejandra | D6: 1961-03-10 | E6: 61 | F6: Femenino | G6: 2 | H6: OTROS | I6: MOVIMIENTO SOCIALES CONSTITUYENTES | K6: Movimiento Sociales Constituyentes | L6: INDEPENDIENTE | M6: Comisión de Participación Popular y Equidad Territorial | N6: Sistema Político | P6: No participó
A7: ALEJANDRA PÍA PÉREZ ESPINA | B7: =VLOOKUP(Tabla1[[#This Row],[NOMBRE CONVENCIONAL CONSTITUYENTE]],all!$A$2:$B$156,2,FALSE) -> 6 | C7: =VLOOKUP(Tabla1[[#This Row],[id]],apellido_nombre!$J$2:$K$155,2,FALSE) -> Pérez, Alejandra | D7: 1977-10-25 | E7: 44 | F7: Femenino | G7: 9 | H7: DEL PUEBLO | I7: PUEBLO CONSTITUYENTE | K7: Pueblo Constituyente | L7: INDEPENDIENTE | M7: Comisión de Participación y Consulta Indígena | N7: Sistema Político | P7: No participó
A8: ALEXIS REINALDO CAIGUÁN ANCAPAN | B8: =VLOOKUP(Tabla1[[#This Row],[NOMBRE CONVENCIONAL CONSTITUYENTE]],all!$A$2:$B$156,2,FALSE) -> 7 | C8: =VLOOKUP(Tabla1[[#This Row],[id]],apellido_nombre!$J$2:$K$155,2,FALSE) -> Caiguan, Alexis | D8: 1975-08-18 | E8: 46 | F8: Masculino | G8: 29 | H8: PUEBLOS ORIGINARIOS | J8: MAPUCHE | K8: Pueblos Originarios | M8: Comisión de Participación y Consulta Indígena | N8: Sistemas de Conocimiento | P8: Normas Transitorias
A9: ALFREDO MORENO ECHEVERRÍA | B9: =VLOOKUP(Tabla1[[#This Row],[NOMBRE CONVENCIONAL CONSTITUYENTE]],all!$A$2:$B$156,2,FALSE) -> 8 | C9: =VLOOKUP(Tabla1[[#This Row],[id]],apellido_nombre!$J$2:$K$155,2,FALSE) -> Moreno, Alfredo | D9: 1982-02-11 | E9: 40 | F9: Masculino | G9: 17 | H9: VAMOS POR CHILE | K9: Vamos por Chile | L9: INDEPENDIENTE UNION DEMOCRATA INDEPENDIENTE | M9: Comisión Provisoria de Comunicaciones, Información y Transparencia | N9: Derechos Fundamentales | P9: No participó
A10: ALONDRA CARRILLO VIDAL | B10: =VLOOKUP(Tabla1[[#This Row],[NOMBRE CONVENCIONAL CONSTITUYENTE]],all!$A$2:$B$156,2,FALSE) -> 9 | C10: =VLOOKUP(Tabla1[[#This Row],[id]],apellido_nombre!$J$2:$K$155,2,FALSE) -> Carrillo, Alondra | D10: 1990-12-29 | E10: 31 | F10: Femenino | G10: 12 | H10: OTROS | I10: MOVIMIENTO SOCIALES CONSTITUYENTES | K10: Movimiento Sociales Constituyentes | L10: INDEPENDIENTE | M10: Comisión de Reglamentos | N10: Sistema Político | P10: Armonización
A11: ÁLVARO ARTURO JOFRE CÁCERES | B11: =VLOOKUP(Tabla1[[#This Row],[NOMBRE CONVENCIONAL CONSTITUYENTE]],all!$A$2:$B$156,2,FALSE) -> 10 | C11: =VLOOKUP(Tabla1[[#This Row],[id]],apellido_nombre!$J$2:$K$155,2,FALSE) -> Jofré, Alvaro | D11: 1971-10-16 | E11: 50 | F11: Masculino | G11: 2 | H11: VAMOS POR CHILE | K11: Vamos por Chile | L11: RENOVACION NACIONAL | M11: Comisión Provisoria de Descentralización, Equidad y Justicia Territorial | N11: Forma de Estado | P11: No participó
A12: ALVIN ANTONIO SALDAÑA MUÑOZ | B12: =VLOOKUP(Tabla1[[#This Row],[NOMBRE CONVENCIONAL CONSTITUYENTE]],all!$A$2:$B$156,2,FALSE) -> 11 | C12: =VLOOKUP(Tabla1[[#This Row],[id]],apellido_nombre!$J$2:$K$155,2,FALSE) -> Saldaña, Alvin | D12: 1976-07-05 | E12: 45 | F12: Masculino | G12: 15 | H12: OTROS | I12: MOVIMIENTO SOCIALES CONSTITUYENTES | K12: Movimiento Sociales Constituyentes | L12: INDEPENDIENTE | M12: Comisión Provisoria de Comunicaciones, Información y Transparencia | N12: Principios Constitucionales | P12: No participó
A13: AMAYA PAULINA ÁLVEZ MARIN | B13: =VLOOKUP(Tabla1[[#This Row],[NOMBRE CONVENCIONAL CONSTITUYENTE]],all!$A$2:$B$156,2,FALSE) -> 12 | C13: =VLOOKUP(Tabla1[[#This Row],[id]],apellido_nombre!$J$2:$K$155,2,FALSE) -> Alvez, Amaya | D13: 1971-04-03 | E13: 51 | F13: Femenino | G13: 20 | H13: APRUEBO DIGNIDAD | K13: Frente Amplio | L13: REVOLUCION DEMOCRATICA | M13: Comisión de Reglamentos | N13: Forma de Estado | P13: Armonización
A14: ANDRÉS NORBERTO CRUZ CARRASCO | B14: =VLOOKUP(Tabla1[[#This Row],[NOMBRE CONVENCIONAL CONSTITUYENTE]],all!$A$2:$B$156,2,FALSE) -> 13 | C14: =VLOOKUP(Tabla1[[#This Row],[id]],apellido_nombre!$J$2:$K$155,2,FALSE) -> Cruz, Andrés | D14: 1973-06-04 | E14: 48 | F14: Masculino | G14: 20 | H14: APRUEBO | K14: Colectivo Socialista | L14: INDEPENDIENTE SOCIALISTA DE CHILE | M14: Comunicaciones, Información y Transparencia | N14: Sistemas de Justicia | P14: Armonización
A15: AURORA GENOVEVA DELGADO VERGARA | B15: =VLOOKUP(Tabla1[[#This Row],[NOMBRE CONVENCIONAL CONSTITUYENTE]],all!$A$2:$B$156,2,FALSE) -> 14 | C15: =VLOOKUP(Tabla1[[#This Row],[id]],apellido_nombre!$J$2:$K$155,2,FALSE) -> Delgado, Aurora | D15: 1964-07-31 | E15: 57 | F15: Femenino | G15: 24 | H15: APRUEBO DIGNIDAD | K15: Frente Amplio | L15: INDEPENDIENTE REVOLUCION DEMOCRATICA | M15: Comisión de Participación Popular y Equidad Territorial | N15: Derechos Fundamentales | P15: No participó
A16: BÁRBARA ALEJANDRA REBOLLEDO AGUIRRE | B16: =VLOOKUP(Tabla1[[#This Row],[NOMBRE CONVENCIONAL CONSTITUYENTE]],all!$A$2:$B$156,2,FALSE) -> 15 | C16: =VLOOKUP(Tabla1[[#This Row],[id]],apellido_nombre!$J$2:$K$155,2,FALSE) -> Rebolledo, Bárbara | D16: 1973-01-22 | E16: 49 | F16: Femenino | G16: 17 | H16: VAMOS POR CHILE | K16: Vamos por Chile | L16: INDEPENDIENTE EVOLUCION POLITICA | M16: Comisión de Participación Popular y Equidad Territorial. | N16: Derechos Fundamentales | P16: No participó
A17: BÁRBARA SEPÚLVEDA HALES | B17: =VLOOKUP(Tabla1[[#This Row],[NOMBRE CONVENCIONAL CONSTITUYENTE]],all!$A$2:$B$156,2,FALSE) -> 16 | C17: =VLOOKUP(Tabla1[[#This Row],[id]],apellido_nombre!$J$2:$K$155,2,FALSE) -> Sepúlveda, Bárbara | D17: 1985-06-19 | E17: 36 | F17: Femenino | G17: 9 | H17: APRUEBO DIGNIDAD | K17: Chile Digno | L17: COMUNISTA DE CHILE | M17: Comisión de Reglamentos | N17: Sistema Político | P17: Armonización
A18: BASTIÁN ESTEBAN LABBÉ SALAZAR | B18: =VLOOKUP(Tabla1[[#This Row],[NOMBRE CONVENCIONAL CONSTITUYENTE]],all!$A$2:$B$156,2,FALSE) -> 17 | C18: =VLOOKUP(Tabla1[[#This Row],[id]],apellido_nombre!$J$2:$K$155,2,FALSE) -> Labbé, Bastián | D18: 1990-04-22 | E18: 32 | F18: Masculino | G18: 20 | H18: OTROS | I18: MOVIMIENTO SOCIALES CONSTITUYENTES | K18: Movimiento Sociales Constituyentes | L18: INDEPENDIENTE | M18: Comisión de Participación Popular y Equidad Territorial | N18: Forma de Estado | O18: Derechos Fundamentales | P18: No participó
A19: BEATRIZ DE JESUS SÁNCHEZ MUÑOZ | B19: =VLOOKUP(Tabla1[[#This Row],[NOMBRE CONVENCIONAL CONSTITUYENTE]],all!$A$2:$B$156,2,FALSE) -> 18 | C19: =VLOOKUP(Tabla1[[#This Row],[id]],apellido_nombre!$J$2:$K$155,2,FALSE) -> Sánchez, Beatriz | D19: 1970-12-24 | E19: 51 | F19: Femenino | G19: 12 | H19: APRUEBO DIGNIDAD | K19: Frente Amplio | L19: INDEPENDIENTE REVOLUCION DEMOCRATICA | M19: Comisión de Comunicaciones, Información y Transparencia | N19: Principios Constitucionales | P19: No participó
A20: BENITO JOSE BARANDA FERRAN | B20: =VLOOKUP(Tabla1[[#This Row],[NOMBRE CONVENCIONAL CONSTITUYENTE]],all!$A$2:$B$156,2,FALSE) -> 19 | C20: =VLOOKUP(Tabla1[[#This Row],[id]],apellido_nombre!$J$2:$K$155,2,FALSE) -> Baranda, Benito | D20: 1959-01-01 | E20: 63 | F20: Masculino | G20: 12 | H20: NUEVA CONSTITUCION | K20: Nueva Constitución | L20: INDEPENDIENTE | M20: Comisión de Ética | N20: Derechos Fundamentales | P20: No participó
A21: BERNARDO ARTURO DE LA MAZA BAÑADOS | B21: =VLOOKUP(Tabla1[[#This Row],[NOMBRE CONVENCIONAL CONSTITUYENTE]],all!$A$2:$B$156,2,FALSE) -> 20 | C21: =VLOOKUP(Tabla1[[#This Row],[id]],apellido_nombre!$J$2:$K$155,2,FALSE) -> De la Maza, Bernardo | D21: 1946-01-03 | E21: 76 | F21: Masculino | G21: 8 | H21: VAMOS POR CHILE | K21: Vamos por Chile | L21: INDEPENDIENTE EVOLUCION POLITICA | M21: Comisión de Ética | N21: Sistemas de Conocimiento | P21: No participó
A22: BERNARDO FONTAINE TALAVERA | B22: =VLOOKUP(Tabla1[[#This Row],[NOMBRE CONVENCIONAL CONSTITUYENTE]],all!$A$2:$B$156,2,FALSE) -> 21 | C22: =VLOOKUP(Tabla1[[#This Row],[id]],apellido_nombre!$J$2:$K$155,2,FALSE) -> Fontaine, Bernardo | D22: 1964-06-10 | E22: 57 | F22: Masculino | G22: 11 | H22: VAMOS POR CHILE | K22: Vamos por Chile | L22: INDEPENDIENTE RENOVACION NACIONAL | M22: Comisión de Presupuestos y Administración Interior | N22: Medio Ambiente | P22: No participó
A23: BESSY MIREYA DEL ROSARIO GALLARDO PRADO | B23: =VLOOKUP(Tabla1[[#This Row],[NOMBRE CONVENCIONAL CONSTITUYENTE]],all!$A$2:$B$156,2,FALSE) -> 22 | C23: =VLOOKUP(Tabla1[[#This Row],[id]],apellido_nombre!$J$2:$K$155,2,FALSE) -> Gallardo, Bessy | D23: 1984-12-31 | E23: 37 | F23: Femenino | G23: 8 | H23: APRUEBO | K23: Colectivo Apruebo | L23: INDEPENDIENTE PROGRESISTA DE CHILE | M23: Comisión de Ética | N23: Medio Ambiente | P23: Armonización
A24: CAMILA IGNACIA ZÁRATE ZÁRATE | B24: =VLOOKUP(Tabla1[[#This Row],[NOMBRE CONVENCIONAL CONSTITUYENTE]],all!$A$2:$B$156,2,FALSE) -> 23 | C24: =VLOOKUP(Tabla1[[#This Row],[id]],apellido_nombre!$J$2:$K$155,2,FALSE) -> Zárate, Camila | D24: 2001-08-12 | E24: 20 | F24: Femenino | G24: 7 | H24: DEL PUEBLO | I24: PUEBLO CONSTITUYENTE | K24: Pueblo Constituyente | L24: INDEPENDIENTE | M24: Comisión de Comunicaciones, Información y Transparencia. | N24: Medio Ambiente | P24: Normas Transitorias
A25: CARLOS MANUEL CALVO MUÑOZ | B25: =VLOOKUP(Tabla1[[#This Row],[NOMBRE CONVENCIONAL CONSTITUYENTE]],all!$A$2:$B$156,2,FALSE) -> 24 | C25: =VLOOKUP(Tabla1[[#This Row],[id]],apellido_nombre!$J$2:$K$155,2,FALSE) -> Calvo, Carlos | D25: 1946-03-07 | E25: 76 | F25: Masculino | G25: 5 | H25: APRUEBO | K25: Colectivo Socialista | L25: INDEPENDIENTE SOCIALISTA DE CHILE | M25: Comisión de Participación y Consulta Indígena | N25: Sistemas de Conocimiento | P25: No participó
A26: CARLOS MARTÍN ARRAU GARCÍA-HUIDOBRO | B26: =VLOOKUP(Tabla1[[#This Row],[NOMBRE CONVENCIONAL CONSTITUYENTE]],all!$A$2:$B$156,2,FALSE) -> 25 | C26: =VLOOKUP(Tabla1[[#This Row],[id]],apellido_nombre!$J$2:$K$155,2,FALSE) -> Arrau, Martín | D26: 1979-03-06 | E26: 43 | F26: Masculino | G26: 19 | H26: VAMOS POR CHILE | K26: Vamos por Chile | L26: UNION DEMOCRATA INDEPENDIENTE | M26: Comisión de Presupuestos y Administración Interior | N26: Principios Constitucionales | P26: Armonización
A27: CAROL CECILIA BOWN SEPÚLVEDA | B27: =VLOOKUP(Tabla1[[#This Row],[NOMBRE CONVENCIONAL CONSTITUYENTE]],all!$A$2:$B$156,2,FALSE) -> 26 | C27: =VLOOKUP(Tabla1[[#This Row],[id]],apellido_nombre!$J$2:$K$155,2,FALSE) -> Bown, Carol | D27: 1978-09-30 | E27: 43 | F27: Femenino | G27: 15 | H27: VAMOS POR CHILE | K27: Vamos por Chile | L27: UNION DEMOCRATA INDEPENDIENTE | M27: Comisión de Descentralización, Equidad y Justicia Territorial. | N27: Sistemas de Justicia | P27: Armonización
A28: CAROLINA ANDREA SEPÚLVEDA SEPÚLVEDA | B28: =VLOOKUP(Tabla1[[#This Row],[NOMBRE CONVENCIONAL CONSTITUYENTE]],all!$A$2:$B$156,2,FALSE) -> 27 | C28: =VLOOKUP(Tabla1[[#This Row],[id]],apellido_nombre!$J$2:$K$155,2,FALSE) -> Sepúlveda, Carolina | D28: 1981-07-03 | E28: 40 | F28: Femenino | G28: 19 | H28: NUEVA CONSTITUCION | K28: Nueva Constitución | L28: INDEPENDIENTE | M28: Comisión de Participación Popular y Equidad Territorial | N28: Medio Ambiente | P28: No participó
A29: CAROLINA CYNTIA VILCHES FUENZALIDA | B29: =VLOOKUP(Tabla1[[#This Row],[NOMBRE CONVENCIONAL CONSTITUYENTE]],all!$A$2:$B$156,2,FALSE) -> 28 | C29: =VLOOKUP(Tabla1[[#This Row],[id]],apellido_nombre!$J$2:$K$155,2,FALSE) -> Vilches, Carolina | D29: 1984-12-21 | E29: 37 | F29: Femenino | G29: 6 | H29: APRUEBO DIGNIDAD | I29: MOVIMIENTO SOCIALES CONSTITUYENTES | K29: Movimiento Sociales Constituyentes | L29: INDEPENDIENTE COMUNES | M29: Comisión de Reglamentos | N29: Medio Ambiente | P29: No participó
A30: CAROLINA ELIANA VIDELA OSORIO | B30: =VLOOKUP(Tabla1[[#This Row],[NOMBRE CONVENCIONAL CONSTITUYENTE]],all!$A$2:$B$156,2,FALSE) -> 29 | C30: =VLOOKUP(Tabla1[[#This Row],[id]],apellido_nombre!$J$2:$K$155,2,FALSE) -> Videla, Carolina | D30: 1968-12-22 | E30: 53 | F30: Femenino | G30: 1 | H30: APRUEBO DIGNIDAD | K30: Chile Digno | L30: COMUNISTA DE CHILE | M30: Comisión de Derechos Humanos, Verdad Histórica y Bases para la Justicia, Reparación y Garantías de no Repetición | N30: Sistemas de Conocimiento | P30: Preámbulo
A31: CÉSAR IGNACIO VALENZUELA MAASS | B31: =VLOOKUP(Tabla1[[#This Row],[NOMBRE CONVENCIONAL CONSTITUYENTE]],all!$A$2:$B$156,2,FALSE) -> 30 | C31: =VLOOKUP(Tabla1[[#This Row],[id]],apellido_nombre!$J$2:$K$155,2,FALSE) -> Valenzuela, César | D31: 1989-01-05 | E31: 33 | F31: Masculino | G31: 9 | H31: APRUEBO | K31: Colectivo Socialista | L31: SOCIALISTA DE CHILE | M31: Comisión de Presupuestos y Administración Interior | N31: Derechos Fundamentales | P31: Normas Transitorias
A32: CÉSAR RODRIGO URIBE ARAYA | B32: =VLOOKUP(Tabla1[[#This Row],[NOMBRE CONVENCIONAL CONSTITUYENTE]],all!$A$2:$B$156,2,FALSE) -> 31 | C32: =VLOOKUP(Tabla1[[#This Row],[id]],apellido_nombre!$J$2:$K$155,2,FALSE) -> Uribe, César | D32: 1984-01-18 | E32: 38 | F32: Masculino | G32: 19 | H32: DEL PUEBLO | I32: PUEBLO CONSTITUYENTE | K32: Pueblo Constituyente | L32: INDEPENDIENTE | M32: Comisión Provisoria de Descentralización, Equidad y Justicia Territorial | N32: Forma de Estado | P32: No participó
A33: CHRISTIAN PABLO VIERA ALVAREZ | B33: =VLOOKUP(Tabla1[[#This Row],[NOMBRE CONVENCIONAL CONSTITUYENTE]],all!$A$2:$B$156,2,FALSE) -> 32 | C33: =VLOOKUP(Tabla1[[#This Row],[id]],apellido_nombre!$J$2:$K$155,2,FALSE) -> Viera, Christian | D33: 1972-07-31 | E33: 49 | F33: Masculino | G33: 17 | H33: APRUEBO | K33: Frente Amplio | L33: INDEPENDIENTE DEMOCRATA CRISTIANO | M33: Comisión de Ética | N33: Sistemas de Justicia | P33: Armonización
A34: CLAUDIA MABEL CASTRO GUTIÉRREZ | B34: =VLOOKUP(Tabla1[[#This Row],[NOMBRE CONVENCIONAL CONSTITUYENTE]],all!$A$2:$B$156,2,FALSE) -> 33 | C34: =VLOOKUP(Tabla1[[#This Row],[id]],apellido_nombre!$J$2:$K$155,2,FALSE) -> Castro, Claudia | D34: 1968-04-28 | E34: 54 | F34: Femenino | G34: 14 | H34: VAMOS POR CHILE | K34: Vamos por Chile | L34: INDEPENDIENTE UNION DEMOCRATA INDEPENDIENTE | M34: Comisión de Participación Popular y Equidad Territorial | N34: Derechos Fundamentales | P34: No participó
A35: CLAUDIA MARGARITA LETELIER CORTÉS | B35: =VLOOKUP(Tabla1[[#This Row],[NOMBRE CONVENCIONAL CONSTITUYENTE]],all!$A$2:$B$156,2,FALSE) -> 34 | C35: =VLOOKUP(Tabla1[[#This Row],[id]],apellido_nombre!$J$2:$K$155,2,FALSE) -> Letelier, Margarita | D35: 1981-05-10 | E35: 41 | F35: Femenino | G35: 17 | H35: VAMOS POR CHILE | K35: Vamos por Chile | L35: UNION DEMOCRATA INDEPENDIENTE | M35: Comisión de Derechos Humanos, Verdad Histórica y Bases para la Justicia, Reparación y Garantías de no Repetición | N35: Sistemas de Conocimiento | P35: No participó
A36: CLAUDIO FRANCISCO GÓMEZ CASTRO | B36: =VLOOKUP(Tabla1[[#This Row],[NOMBRE CONVENCIONAL CONSTITUYENTE]],all!$A$2:$B$156,2,FALSE) -> 35 | C36: =VLOOKUP(Tabla1[[#This Row],[id]],apellido_nombre!$J$2:$K$155,2,FALSE) -> Gómez, Claudio | D36: 1977-12-10 | E36: 44 | F36: Masculino | G36: 6 | H36: APRUEBO | K36: Colectivo Socialista | L36: INDEPENDIENTE SOCIALISTA DE CHILE | M36: Comisión de Reglamentos | N36: Forma de Estado | P36: Armonización
A37: CONSTANZA ANDREA SAN JUAN STANDEN | B37: =VLOOKUP(Tabla1[[#This Row],[NOMBRE CONVENCIONAL CONSTITUYENTE]],all!$A$2:$B$156,2,FALSE) -> 36 | C37: =VLOOKUP(Tabla1[[#This Row],[id]],apellido_nombre!$J$2:$K$155,2,FALSE) -> San Juan, Constanza | D37: 1985-09-18 | E37: 36 | F37: Femenino | G37: 4 | H37: DEL PUEBLO | I37: MOVIMIENTO SOCIALES CONSTITUYENTES | K37: Movimiento Sociales Constituyentes | L37: INDEPENDIENTE | M37: Comisión de Derechos Humanos, Verdad Histórica y Bases para la Justicia, Reparación y Garantías de no Repetición | N37: Medio Ambiente | P37: No participó
A38: CONSTANZA GABRIELA SCHONHAUT SOTO | B38: =VLOOKUP(Tabla1[[#This Row],[NOMBRE CONVENCIONAL CONSTITUYENTE]],all!$A$2:$B$156,2,FALSE) -> 37 | C38: =VLOOKUP(Tabla1[[#This Row],[id]],apellido_nombre!$J$2:$K$155,2,FALSE) -> Schonhaut, Constanza | D38: 1989-01-31 | E38: 33 | F38: Femenino | G38: 11 | H38: APRUEBO DIGNIDAD | K38: Frente Amplio | L38: CONVERGENCIA SOCIAL | M38: Comisión de Participación Popular y Equidad Territorial | N38: Sistema Político | P38: Normas Transitorias
A39: CONSTANZA VERÓNICA HUBE PORTUS | B39: =VLOOKUP(Tabla1[[#This Row],[NOMBRE CONVENCIONAL CONSTITUYENTE]],all!$A$2:$B$156,2,FALSE) -> 38 | C39: =VLOOKUP(Tabla1[[#This Row],[id]],apellido_nombre!$J$2:$K$155,2,FALSE) -> Hube, Constanza | D39: 1986-03-10 | E39: 36 | F39: Femenino | G39: 11 | H39: VAMOS POR CHILE | K39: Vamos por Chile | L39: UNION DEMOCRATA INDEPENDIENTE | M39: Comisión de Reglamentos | N39: Sistema Político | P39: Normas Transitorias
A40: CRISTIÁN MONCKEBERG BRUNER | B40: =VLOOKUP(Tabla1[[#This Row],[NOMBRE CONVENCIONAL CONSTITUYENTE]],all!$A$2:$B$156,2,FALSE) -> 39 | C40: =VLOOKUP(Tabla1[[#This Row],[id]],apellido_nombre!$J$2:$K$155,2,FALSE) -> Monckeberg, Cristían | D40: 1968-05-12 | E40: 53 | F40: Masculino | G40: 10 | H40: VAMOS POR CHILE | K40: Vamos por Chile | L40: RENOVACION NACIONAL | M40: Comisión de Comunicaciones, Información y Transparencia. | N40: Sistema Político | P40: Normas Transitorias
A41: CRISTINA INÉS DORADOR ORTIZ | B41: =VLOOKUP(Tabla1[[#This Row],[NOMBRE CONVENCIONAL CONSTITUYENTE]],all!$A$2:$B$156,2,FALSE) -> 40 | C41: =VLOOKUP(Tabla1[[#This Row],[id]],apellido_nombre!$J$2:$K$155,2,FALSE) -> Dorador, Cristina | D41: 1980-02-28 | E41: 42 | F41: Femenino | G41: 3 | H41: OTROS | I41: MOVIMIENTO SOCIALES CONSTITUYENTES | K41: Movimiento Sociales Constituyentes | L41: INDEPENDIENTE | M41: Comisión de Descentralización, Equidad y Justicia Territorial. | N41: Sistemas de Conocimiento | P41: Preámbulo
A42: CRISTÓBAL PATRICIO ANDRADE LEÓN | B42: =VLOOKUP(Tabla1[[#This Row],[NOMBRE CONVENCIONAL CONSTITUYENTE]],all!$A$2:$B$156,2,FALSE) -> 41 | C42: =VLOOKUP(Tabla1[[#This Row],[id]],apellido_nombre!$J$2:$K$155,2,FALSE) -> Andrade, Cristóbal | D42: 1988-11-14 | E42: 33 | F42: Masculino | G42: 6 | H42: DEL PUEBLO | I42: INDEPENDIENTE | K42: Otros | L42: INDEPENDIENTE | M42: Comisión de Ética | N42: Forma de Estado | P42: No participó
A43: DAMARIS DANIELA GONZÁLEZ ABARCA | B43: =VLOOKUP(Tabla1[[#This Row],[NOMBRE CONVENCIONAL CONSTITUYENTE]],all!$A$2:$B$156,2,FALSE) -> 42 | C43: =VLOOKUP(Tabla1[[#This Row],[id]],apellido_nombre!$J$2:$K$155,2,FALSE) -> Abarca, Damaris | D43: 1989-05-02 | E43: 33 | F43: Femenino | G43: 15 | H43: APRUEBO DIGNIDAD | K43: Frente Amplio | L43: INDEPENDIENTE CONVERGENCIA SOCIAL | M43: Comisión de Ética | N43: Derechos Fundamentales | P43: No participó
A44: DANIEL ALEJANDRO BRAVO SILVA | B44: =VLOOKUP(Tabla1[[#This Row],[NOMBRE CONVENCIONAL CONSTITUYENTE]],all!$A$2:$B$156,2,FALSE) -> 43 | C44: =VLOOKUP(Tabla1[[#This Row],[id]],apellido_nombre!$J$2:$K$155,2,FALSE) -> Bravo, Daniel | D44: 1982-04-17 | E44: 40 | F44: Masculino | G44: 5 | H44: DEL PUEBLO | I44: PUEBLO CONSTITUYENTE | K44: Pueblo Constituyente | L44: INDEPENDIENTE | M44: Comisión de Reglamentos | N44: Sistemas de Justicia | P44: Armonización
A45: DANIEL RODRIGO STINGO CAMUS | B45: =VLOOKUP(Tabla1[[#This Row],[NOMBRE CONVENCIONAL CONSTITUYENTE]],all!$A$2:$B$156,2,FALSE) -> 44 | C45: =VLOOKUP(Tabla1[[#This Row],[id]],apellido_nombre!$J$2:$K$155,2,FALSE) -> Stingo, Daniel | D45: 1965-11-03 | E45: 56 | F45: Masculino | G45: 8 | H45: APRUEBO DIGNIDAD | K45: Frente Amplio | L45: INDEPENDIENTE REVOLUCION DEMOCRATICA | M45: Comisión de Presupuestos y Administración Interior | N45: Sistemas de Justicia | P45: No participó
A46: DAYYANA ALEJANDRA GONZÁLEZ ARAYA | B46: =VLOOKUP(Tabla1[[#This Row],[NOMBRE CONVENCIONAL CONSTITUYENTE]],all!$A$2:$B$156,2,FALSE) -> 45 | C46: =VLOOKUP(Tabla1[[#This Row],[id]],apellido_nombre!$J$2:$K$155,2,FALSE) -> González, Dayyana | D46: 1987-10-31 | E46: 34 | F46: Femenino | G46: 3 | H46: DEL PUEBLO | I46: PUEBLO CONSTITUYENTE | K46: Pueblo Constituyente | L46: INDEPENDIENTE | M46: Comisión de Participación Popular y Equidad Territorial | N46: Derechos Fundamentales | P46: No participó
A47: EDUARDO ANDRÉS CRETTON REBOLLEDO | B47: =VLOOKUP(Tabla1[[#This Row],[NOMBRE CONVENCIONAL CONSTITUYENTE]],all!$A$2:$B$156,2,FALSE) -> 46 | C47: =VLOOKUP(Tabla1[[#This Row],[id]],apellido_nombre!$J$2:$K$155,2,FALSE) -> Cretton, Eduardo | D47: 1995-11-23 | E47: 26 | F47: Masculino | G47: 22 | H47: VAMOS POR CHILE | K47: Vamos por Chile | L47: UNION DEMOCRATA INDEPENDIENTE | M47: Comisión de Participación y Consulta Indígena | N47: Principios Constitucionales | P47: No participó
A48: EDUARDO GUILLERMO CASTILLO VIGOUROUX | B48: =VLOOKUP(Tabla1[[#This Row],[NOMBRE CONVENCIONAL CONSTITUYENTE]],all!$A$2:$B$156,2,FALSE) -> 47 | C48: =VLOOKUP(Tabla1[[#This Row],[id]],apellido_nombre!$J$2:$K$155,2,FALSE) -> Castillo, Eduardo | D48: 1950-06-25 | E48: 71 | F48: Masculino | G48: 23 | H48: APRUEBO | K48: Colectivo Apruebo | L48: POR LA DEMOCRACIA | M48: Comisión de Presupuestos y Administración Interior | N48: Forma de Estado | P48: Normas Transitorias
A49: ELISA AMANDA GIUSTINIANOVICH CAMPOS | B49: =VLOOKUP(Tabla1[[#This Row],[NOMBRE CONVENCIONAL CONSTITUYENTE]],all!$A$2:$B$156,2,FALSE) -> 48 | C49: =VLOOKUP(Tabla1[[#This Row],[id]],apellido_nombre!$J$2:$K$155,2,FALSE) -> Giustinianovich, Elisa | D49: 1984-11-23 | E49: 37 | F49: Femenino | G49: 28 | H49: DEL PUEBLO | I49: MOVIMIENTO SOCIALES CONSTITUYENTES | K49: Movimiento Sociales Constituyentes | L49: INDEPENDIENTE | M49: Comisión de Participación Popular y Equidad Territorial | N49: Forma de Estado | P49: Normas Transitorias
A50: ELISA DEL CARMEN LONCÓN ANTILEO | B50: =VLOOKUP(Tabla1[[#This Row],[NOMBRE CONVENCIONAL CONSTITUYENTE]],all!$A$2:$B$156,2,FALSE) -> 49 | C50: =VLOOKUP(Tabla1[[#This Row],[id]],apellido_nombre!$J$2:$K$155,2,FALSE) -> Loncón, Elisa | D50: 1963-01-23 | E50: 59 | F50: Femenino | G50: 29 | H50: PUEBLOS ORIGINARIOS | J50: MAPUCHE | K50: Pueblos Originarios | M50: Presidenta de la Convención | N50: Principios Constitucionales | P50: Preámbulo
A51: ELSA CAROLINA LABRAÑA PINO | B51: =VLOOKUP(Tabla1[[#This Row],[NOMBRE CONVENCIONAL CONSTITUYENTE]],all!$A$2:$B$156,2,FALSE) -> 50 | C51: =VLOOKUP(Tabla1[[#This Row],[id]],apellido_nombre!$J$2:$K$155,2,FALSE) -> Labraña, Elsa | D51: 1974-09-19 | E51: 47 | F51: Femenino | G51: 17 | H51: DEL PUEBLO | I51: PUEBLO CONSTITUYENTE | K51: Pueblo Constituyente | L51: INDEPENDIENTE | M51: Comisión de Participación Popular y Equidad Territorial | N51: Derechos Fundamentales | P51: No participó
A52: ERIC JOHANNY CHINGA FERREIRA | B52: =VLOOKUP(Tabla1[[#This Row],[NOMBRE CONVENCIONAL CONSTITUYENTE]],all!$A$2:$B$156,2,FALSE) -> 51 | C52: =VLOOKUP(Tabla1[[#This Row],[id]],apellido_nombre!$J$2:$K$155,2,FALSE) -> Chinga, Eric | D52: 1970-07-31 | E52: 51 | F52: Masculino | G52: 29 | H52: PUEBLOS ORIGINARIOS | J52: DIAGUITA | K52: Pueblos Originarios | M52: Comisión de Participación Popular y Equidad Territorial | N52: Forma de Estado | P52: Armonización
A53: ERICKA NATALIA PORTILLA BARRIOS | B53: =VLOOKUP(Tabla1[[#This Row],[NOMBRE CONVENCIONAL CONSTITUYENTE]],all!$A$2:$B$156,2,FALSE) -> 52 | C53: =VLOOKUP(Tabla1[[#This Row],[id]],apellido_nombre!$J$2:$K$155,2,FALSE) -> Portilla, Ericka | D53: 1985-01-04 | E53: 37 | F53: Femenino | G53: 4 | H53: APRUEBO DIGNIDAD | K53: Chile Digno | L53: COMUNISTA DE CHILE | M53: Comisión de Participación Popular y Equidad Territorial | N53: Principios Constitucionales | P53: No participó
A54: FELIPE HARBOE BASCUÑAN | B54: =VLOOKUP(Tabla1[[#This Row],[NOMBRE CONVENCIONAL CONSTITUYENTE]],all!$A$2:$B$156,2,FALSE) -> 53 | C54: =VLOOKUP(Tabla1[[#This Row],[id]],apellido_nombre!$J$2:$K$155,2,FALSE) -> Harboe, Felipe | D54: 1972-07-20 | E54: 49 | F54: Masculino | G54: 19 | H54: APRUEBO | K54: Colectivo Apruebo | L54: POR LA DEMOCRACIA | M54: Comisión de Derechos Humanos, Verdad Histórica y Bases para la Justicia, Reparación y Garantías de no Repetición | N54: Derechos Fundamentales | P54: Armonización
A55: FELIPE IGNACIO MENA VILLAR | B55: =VLOOKUP(Tabla1[[#This Row],[NOMBRE CONVENCIONAL CONSTITUYENTE]],all!$A$2:$B$156,2,FALSE) -> 54 | C55: =VLOOKUP(Tabla1[[#This Row],[id]],apellido_nombre!$J$2:$K$155,2,FALSE) -> Mena, Felipe | D55: 1982-08-18 | E55: 39 | F55: Masculino | G55: 14 | H55: VAMOS POR CHILE | K55: Vamos por Chile | L55: UNION DEMOCRATA INDEPENDIENTE | M55: Comisión de Participación Popular y Equidad Territorial | N55: Forma de Estado | P55: Normas Transitorias
A56: FÉLIX RAMÓN GALLEGUILLOS AYMANI | B56: =VLOOKUP(Tabla1[[#This Row],[NOMBRE CONVENCIONAL CONSTITUYENTE]],all!$A$2:$B$156,2,FALSE) -> 55 | C56: =VLOOKUP(Tabla1[[#This Row],[id]],apellido_nombre!$J$2:$K$155,2,FALSE) -> Galleguillos, Félix | D56: 1986-03-23 | E56: 36 | F56: Masculino | G56: 29 | H56: PUEBLOS ORIGINARIOS | J56: ATACAMEÑO | K56: Pueblos Originarios | M56: Comisión de Ética | N56: Medio Ambiente | P56: Normas Transitorias
A57: FERNANDO ATRIA LEMAITRE | B57: =VLOOKUP(Tabla1[[#This Row],[NOMBRE CONVENCIONAL CONSTITUYENTE]],all!$A$2:$B$156,2,FALSE) -> 56 | C57: =VLOOKUP(Tabla1[[#This Row],[id]],apellido_nombre!$J$2:$K$155,2,FALSE) -> Atria, Fernando | D57: 1968-10-30 | E57: 53 | F57: Masculino | G57: 10 | H57: APRUEBO DIGNIDAD | K57: Frente Amplio | L57: INDEPENDIENTE REVOLUCION DEMOCRATICA | M57: Comisión de Reglamentos | N57: Sistema Político | P57: Armonización
A58: FERNANDO CARLOS SALINAS MANFREDINI | B58: =VLOOKUP(Tabla1[[#This Row],[NOMBRE CONVENCIONAL CONSTITUYENTE]],all!$A$2:$B$156,2,FALSE) -> 57 | C58: =VLOOKUP(Tabla1[[#This Row],[id]],apellido_nombre!$J$2:$K$155,2,FALSE) -> Salinas, Fernando | D58: 1956-03-02 | E58: 66 | F58: Masculino | G58: 18 | H58: DEL PUEBLO | I58: PUEBLO CONSTITUYENTE | K58: Pueblo Constituyente | L58: INDEPENDIENTE | M58: Comisión de Descentralización, Equidad y Justicia Territorial. | N58: Medio Ambiente | P58: Preámbulo
A59: FERNANDO DEL CARMEN TIRADO SOTO | B59: =VLOOKUP(Tabla1[[#This Row],[NOMBRE CONVENCIONAL CONSTITUYENTE]],all!$A$2:$B$156,2,FALSE) -> 58 | C59: =VLOOKUP(Tabla1[[#This Row],[id]],apellido_nombre!$J$2:$K$155,2,FALSE) -> Tirado, Fernando | D59: 1953-11-22 | E59: 68 | F59: Masculino | G59: 29 | H59: PUEBLOS ORIGINARIOS | J59: CHANGO | K59: Pueblos Originarios | M59: Comisión de Participación y Consulta Indígena | N59: Derechos Fundamentales | P59: No participó
A60: FRANCISCA LINCONAO HUIRCAPÁN | B60: =VLOOKUP(Tabla1[[#This Row],[NOMBRE CONVENCIONAL CONSTITUYENTE]],all!$A$2:$B$156,2,FALSE) -> 59 | C60: =VLOOKUP(Tabla1[[#This Row],[id]],apellido_nombre!$J$2:$K$155,2,FALSE) -> Linconao, Francisca | D60: 1956-09-18 | E60: 65 | F60: Femenino | G60: 29 | H60: PUEBLOS ORIGINARIOS | J60: MAPUCHE | K60: Pueblos Originarios | M60: Comisión de Derechos Humanos, Verdad Histórica y Bases para la Justicia, Reparación y Garantías de no Repetición | N60: Derechos Fundamentales | P60: No participó
A61: FRANCISCA MARYCARMEN ARAUNA URRUTIA | B61: =VLOOKUP(Tabla1[[#This Row],[NOMBRE CONVENCIONAL CONSTITUYENTE]],all!$A$2:$B$156,2,FALSE) -> 60 | C61: =VLOOKUP(Tabla1[[#This Row],[id]],apellido_nombre!$J$2:$K$155,2,FALSE) -> Arauna, Francisca | D61: 1991-03-15 | E61: 31 | F61: Femenino | G61: 18 | H61: DEL PUEBLO | I61: PUEBLO CONSTITUYENTE | K61: Pueblo Constituyente | L61: INDEPENDIENTE | M61: Comisión de Ética | N61: Sistema Político | P61: Armonización
A62: FRANCISCO JAVIER CAAMAÑO ROJAS | B62: =VLOOKUP(Tabla1[[#This Row],[NOMBRE CONVENCIONAL CONSTITUYENTE]],all!$A$2:$B$156,2,FALSE) -> 61 | C62: =VLOOKUP(Tabla1[[#This Row],[id]],apellido_nombre!$J$2:$K$155,2,FALSE) -> Caamaño, Francisco | D62: 1990-03-18 | E62: 32 | F62: Masculino | G62: 14 | H62: DEL PUEBLO | I62: PUEBLO CONSTITUYENTE | K62: Pueblo Constituyente | L62: INDEPENDIENTE | M62: Comisión de Presupuestos y Administración Interior | N62: Sistemas de Conocimiento | P62: No participó
A63: FUAD EDUARDO CHAHIN VALENZUELA | B63: =VLOOKUP(Tabla1[[#This Row],[NOMBRE CONVENCIONAL CONSTITUYENTE]],all!$A$2:$B$156,2,FALSE) -> 62 | C63: =VLOOKUP(Tabla1[[#This Row],[id]],apellido_nombre!$J$2:$K$155,2,FALSE) -> Chahín, Fuad | D63: 1976-12-01 | E63: 45 | F63: Masculino | G63: 22 | H63: APRUEBO | K63: Colectivo Apruebo | L63: DEMOCRATA CRISTIANO | M63: Comisión de Reglamentos | N63: Sistema Político | P63: Normas Transitorias
A64: GASPAR ROBERTO DOMÍNGUEZ DONOSO | B64: =VLOOKUP(Tabla1[[#This Row],[NOMBRE CONVENCIONAL CONSTITUYENTE]],all!$A$2:$B$156,2,FALSE) -> 63 | C64: =VLOOKUP(Tabla1[[#This Row],[id]],apellido_nombre!$J$2:$K$155,2,FALSE) -> Domínguez, Gaspar | D64: 1988-10-27 | E64: 33 | F64: Masculino | G64: 26 | H64: NUEVA CONSTITUCION | K64: Nueva Constitución | L64: INDEPENDIENTE | M64: Comisión de Descentralización, Equidad y Justicia Territorial. | N64: Derechos Fundamentales | P64: No participó
A65: GEOCONDA ELVIRA NAVARRETE ARRATIA | B65: =VLOOKUP(Tabla1[[#This Row],[NOMBRE CONVENCIONAL CONSTITUYENTE]],all!$A$2:$B$156,2,FALSE) -> 64 | C65: =VLOOKUP(Tabla1[[#This Row],[id]],apellido_nombre!$J$2:$K$155,2,FALSE) -> Navarrete, Geoconda | D65: 1969-09-08 | E65: 52 | F65: Femenino | G65: 27 | H65: VAMOS POR CHILE | K65: Vamos por Chile | L65: EVOLUCION POLITICA | M65: Comisión de Participación Popular y Equidad Territorial | N65: Forma de Estado | P65: No participó
A66: GIOVANNA ÁNGELA ROA CADIN | B66: =VLOOKUP(Tabla1[[#This Row],[NOMBRE CONVENCIONAL CONSTITUYENTE]],all!$A$2:$B$156,2,FALSE) -> 65 | C66: =VLOOKUP(Tabla1[[#This Row],[id]],apellido_nombre!$J$2:$K$155,2,FALSE) -> Roa, Giovanna | D66: 1986-11-20 | E66: 35 | F66: Femenino | G66: 10 | H66: APRUEBO DIGNIDAD | K66: Frente Amplio | L66: REVOLUCION DEMOCRATICA | M66: Comisión de Derechos Humanos, Verdad Histórica y Bases para la Justicia, Reparación y Garantías de no Repetición | N66: Principios Constitucionales | P66: No participó
A67: GIOVANNA JAZMIN GRANDON CARO | B67: =VLOOKUP(Tabla1[[#This Row],[NOMBRE CONVENCIONAL CONSTITUYENTE]],all!$A$2:$B$156,2,FALSE) -> 66 | C67: =VLOOKUP(Tabla1[[#This Row],[id]],apellido_nombre!$J$2:$K$155,2,FALSE) -> Grandón, Giovanna | D67: 1975-05-06 | E67: 47 | F67: Femenino | G67: 12 | H67: DEL PUEBLO | K67: Mixto | L67: INDEPENDIENTE | M67: Comisión de Participación Popular y Equidad Territorial | N67: Derechos Fundamentales | P67: No participó
A68: GLORIA DEL TRÁNSITO ALVARADO JORQUERA | B68: =VLOOKUP(Tabla1[[#This Row],[NOMBRE CONVENCIONAL CONSTITUYENTE]],all!$A$2:$B$156,2,FALSE) -> 67 | C68: =VLOOKUP(Tabla1[[#This Row],[id]],apellido_nombre!$J$2:$K$155,2,FALSE) -> Alvarado, Gloria | D68: 1963-03-23 | E68: 59 | F68: Femenino | G68: 16 | H68: OTROS | I68: MOVIMIENTO SOCIALES CONSTITUYENTES | K68: Movimiento Sociales Constituyentes | L68: INDEPENDIENTE | M68: Comisión de Presupuestos y Administración Interior | N68: Medio Ambiente | P68: No participó
A69: GUILLERMO NICOLÁS NAMOR KONG | B69: =VLOOKUP(Tabla1[[#This Row],[NOMBRE CONVENCIONAL CONSTITUYENTE]],all!$A$2:$B$156,2,FALSE) -> 68 | C69: =VLOOKUP(Tabla1[[#This Row],[id]],apellido_nombre!$J$2:$K$155,2,FALSE) -> Namor, Guillermo | D69: 1996-11-27 | E69: 25 | F69: Masculino | G69: 4 | H69: NUEVA CONSTITUCION | K69: Nueva Constitución | L69: INDEPENDIENTE | M69: Comisión de Reglamentos | N69: Sistema Político | P69: Armonización
A70: HARRY ROLANDO JURGENSEN CAESAR | B70: =VLOOKUP(Tabla1[[#This Row],[NOMBRE CONVENCIONAL CONSTITUYENTE]],all!$A$2:$B$156,2,FALSE) -> 69 | C70: =VLOOKUP(Tabla1[[#This Row],[id]],apellido_nombre!$J$2:$K$155,2,FALSE) -> Jurgensen, Harry | D70: 1942-05-30 | E70: 79 | F70: Masculino | G70: 25 | H70: VAMOS POR CHILE | K70: Vamos por Chile | L70: RENOVACION NACIONAL | M70: Comisión de Descentralización, Equidad y Justicia Territorial. | N70: Forma de Estado | P70: No participó
A71: HELMUTH JACOBO MARTÍNEZ LLANCAPAN | B71: =VLOOKUP(Tabla1[[#This Row],[NOMBRE CONVENCIONAL CONSTITUYENTE]],all!$A$2:$B$156,2,FALSE) -> 70 | C71: =VLOOKUP(Tabla1[[#This Row],[id]],apellido_nombre!$J$2:$K$155,2,FALSE) -> Martínez, Helmuth | D71: 1986-10-15 | E71: 35 | F71: Masculino | G71: 23 | H71: DEL PUEBLO | I71: INDEPENDIENTE | K71: Nueva Constitución | L71: INDEPENDIENTE | M71: Comisión de Reglamentos | N71: Forma de Estado | P71: No participó
A72: HERNAN JESÚS VELÁSQUEZ NÚÑEZ | B72: =VLOOKUP(Tabla1[[#This Row],[NOMBRE CONVENCIONAL CONSTITUYENTE]],all!$A$2:$B$156,2,FALSE) -> 71 | C72: =VLOOKUP(Tabla1[[#This Row],[id]],apellido_nombre!$J$2:$K$155,2,FALSE) -> Velásquez, Hernán | D72: 1965-10-29 | E72: 56 | F72: Masculino | G72: 3 | H72: APRUEBO DIGNIDAD | K72: Chile Digno | L72: FEDERACION REGIONALISTA VERDE SOCIAL | M72: Comisión de Descentralización, Equidad y Justicia Territorial. | N72: Forma de Estado | P72: No participó
A73: HERNÁN LARRAÍN MATTE | B73: =VLOOKUP(Tabla1[[#This Row],[NOMBRE CONVENCIONAL CONSTITUYENTE]],all!$A$2:$B$156,2,FALSE) -> 72 | C73: =VLOOKUP(Tabla1[[#This Row],[id]],apellido_nombre!$J$2:$K$155,2,FALSE) -> Larraín, Hernán | D73: 1974-12-24 | E73: 47 | F73: Masculino | G73: 11 | H73: VAMOS POR CHILE | K73: Vamos por Chile | L73: EVOLUCION POLITICA | M73: Comisión de Reglamentos | N73: Sistema Político | P73: Armonización
A74: HUGO HUMBERTO GUTIÉRREZ GÁLVEZ | B74: =VLOOKUP(Tabla1[[#This Row],[NOMBRE CONVENCIONAL CONSTITUYENTE]],all!$A$2:$B$156,2,FALSE) -> 73 | C74: =VLOOKUP(Tabla1[[#This Row],[id]],apellido_nombre!$J$2:$K$155,2,FALSE) -> Gutiérrez, Hugo | D74: 1961-10-05 | E74: 60 | F74: Masculino | G74: 2 | H74: APRUEBO DIGNIDAD | K74: Chile Digno | L74: COMUNISTA DE CHILE | M74: Comisión de Reglamentos | N74: Sistemas de Justicia | P74: No participó
A75: IGNACIO JAIME ACHURRA DÍAZ | B75: =VLOOKUP(Tabla1[[#This Row],[NOMBRE CONVENCIONAL CONSTITUYENTE]],all!$A$2:$B$156,2,FALSE) -> 74 | C75: =VLOOKUP(Tabla1[[#This Row],[id]],apellido_nombre!$J$2:$K$155,2,FALSE) -> Achurra, Ignacio | D75: 1979-10-17 | E75: 42 | F75: Masculino | G75: 14 | H75: APRUEBO DIGNIDAD | K75: Frente Amplio | L75: CONVERGENCIA SOCIAL | M75: Comisión Provisoria de Comunicaciones, Información y Transparencia | N75: Sistemas de Conocimiento | P75: Normas Transitorias
A76: INGRID FERNANDA VILLENA NARBONA | B76: =VLOOKUP(Tabla1[[#This Row],[NOMBRE CONVENCIONAL CONSTITUYENTE]],all!$A$2:$B$156,2,FALSE) -> 75 | C76: =VLOOKUP(Tabla1[[#This Row],[id]],apellido_nombre!$J$2:$K$155,2,FALSE) -> Villena, Ingrid | D76: 1990-06-05 | E76: 31 | F76: Femenino | G76: 13 | H76: DEL PUEBLO | I76: PUEBLO CONSTITUYENTE | K76: Pueblo Constituyente | L76: INDEPENDIENTE | M76: Comisión de Reglamentos | N76: Sistemas de Justicia | P76: Armonización
A77: ISABEL SELENA GODOY MONARDEZ | B77: =VLOOKUP(Tabla1[[#This Row],[NOMBRE CONVENCIONAL CONSTITUYENTE]],all!$A$2:$B$156,2,FALSE) -> 76 | C77: =VLOOKUP(Tabla1[[#This Row],[id]],apellido_nombre!$J$2:$K$155,2,FALSE) -> Godoy, Isabel | D77: 1967-12-03 | E77: 54 | F77: Femenino | G77: 29 | H77: PUEBLOS ORIGINARIOS | J77: COLLA | K77: Pueblos Originarios | M77: Comisión de Presupuestos y Administración Interior | N77: Medio Ambiente | P77: No participó
A78: ISABELLA BRUNILDA MAMANI MAMANI | B78: =VLOOKUP(Tabla1[[#This Row],[NOMBRE CONVENCIONAL CONSTITUYENTE]],all!$A$2:$B$156,2,FALSE) -> 77 | C78: =VLOOKUP(Tabla1[[#This Row],[id]],apellido_nombre!$J$2:$K$155,2,FALSE) -> Mamani, Isabella | D78: 1988-01-07 | E78: 34 | F78: Femenino | G78: 29 | H78: PUEBLOS ORIGINARIOS | J78: AIMARA | K78: Pueblos Originarios | M78: Comisión de Participación y Consulta Indígena | N78: Derechos Fundamentales | P78: Armonización
A79: IVANNA DANIELA OLIVARES MIRANDA | B79: =VLOOKUP(Tabla1[[#This Row],[NOMBRE CONVENCIONAL CONSTITUYENTE]],all!$A$2:$B$156,2,FALSE) -> 78 | C79: =VLOOKUP(Tabla1[[#This Row],[id]],apellido_nombre!$J$2:$K$155,2,FALSE) -> Olivares, Ivanna | D79: 1990-07-11 | E79: 31 | F79: Femenino | G79: 5 | H79: DEL PUEBLO | I79: PUEBLO CONSTITUYENTE | K79: Pueblo Constituyente | L79: INDEPENDIENTE | M79: Comisión de Derechos Humanos, Verdad Histórica y Bases para la Justicia, Reparación y Garantías de no Repetición | N79: Medio Ambiente | P79: Armonización
A80: JAIME ANDRÉS BASSA MERCADO | B80: =VLOOKUP(Tabla1[[#This Row],[NOMBRE CONVENCIONAL CONSTITUYENTE]],all!$A$2:$B$156,2,FALSE) -> 79 | C80: =VLOOKUP(Tabla1[[#This Row],[id]],apellido_nombre!$J$2:$K$155,2,FALSE) -> Bassa, Jaime | D80: 1977-03-31 | E80: 45 | F80: Masculino | G80: 7 | H80: APRUEBO DIGNIDAD | K80: Frente Amplio | L80: INDEPENDIENTE CONVERGENCIA SOCIAL | M80: Vicepresidente de la Convención | N80: Sistema Político | P80: Normas Transitorias
A81: JANIS JAN DEL CARMEN MENESES PALMA | B81: =VLOOKUP(Tabla1[[#This Row],[NOMBRE CONVENCIONAL CONSTITUYENTE]],all!$A$2:$B$156,2,FALSE) -> 80 | C81: =VLOOKUP(Tabla1[[#This Row],[id]],apellido_nombre!$J$2:$K$155,2,FALSE) -> Meneses, Janis | D81: 1989-06-30 | E81: 32 | F81: Femenino | G81: 6 | H81: OTROS | I81: MOVIMIENTO SOCIALES CONSTITUYENTES | K81: Movimiento Sociales Constituyentes | L81: INDEPENDIENTE | M81: Comisión de Reglamentos | N81: Derechos Fundamentales | P81: Armonización
A82: JAVIER ALEJANDRO FUCHSLOCHER BAEZA | B82: =VLOOKUP(Tabla1[[#This Row],[NOMBRE CONVENCIONAL CONSTITUYENTE]],all!$A$2:$B$156,2,FALSE) -> 81 | C82: =VLOOKUP(Tabla1[[#This Row],[id]],apellido_nombre!$J$2:$K$155,2,FALSE) -> Fuchslocher, Javier | D82: 1988-10-14 | E82: 33 | F82: Masculino | G82: 21 | H82: NUEVA CONSTITUCION | K82: Nueva Constitución | L82: INDEPENDIENTE | M82: Comisión de Participación Popular y Equidad Territorial | N82: Derechos Fundamentales | P82: Normas Transitorias
A83: JENIFFER VALERIA MELLA ESCOBAR | B83: =VLOOKUP(Tabla1[[#This Row],[NOMBRE CONVENCIONAL CONSTITUYENTE]],all!$A$2:$B$156,2,FALSE) -> 82 | C83: =VLOOKUP(Tabla1[[#This Row],[id]],apellido_nombre!$J$2:$K$155,2,FALSE) -> Mella, Jeniffer | D83: 1981-01-10 | E83: 41 | F83: Femenino | G83: 5 | H83: APRUEBO DIGNIDAD | K83: Frente Amplio | L83: INDEPENDIENTE CONVERGENCIA SOCIAL | M83: Comisión Provisoria de Descentralización, Equidad y Justicia Territorial | N83: Forma de Estado | P83: Normas Transitorias
A84: JORGE BRUNO ABARCA RIVEROS | B84: =VLOOKUP(Tabla1[[#This Row],[NOMBRE CONVENCIONAL CONSTITUYENTE]],all!$A$2:$B$156,2,FALSE) -> 83 | C84: =VLOOKUP(Tabla1[[#This Row],[id]],apellido_nombre!$J$2:$K$155,2,FALSE) -> Abarca, Jorge | D84: 1967-01-08 | E84: 55 | F84: Masculino | G84: 1 | H84: APRUEBO | K84: Nueva Constitución | L84: INDEPENDIENTE LIBERAL DE CHILE | M84: Comisión de Descentralización, Equidad y Justicia Territorial. | N84: Medio Ambiente | P84: Preámbulo
A85: JORGE MARCOS BARADIT MORALES | B85: =VLOOKUP(Tabla1[[#This Row],[NOMBRE CONVENCIONAL CONSTITUYENTE]],all!$A$2:$B$156,2,FALSE) -> 84 | C85: =VLOOKUP(Tabla1[[#This Row],[id]],apellido_nombre!$J$2:$K$155,2,FALSE) -> Baradit, Jorge | D85: 1969-06-11 | E85: 52 | F85: Masculino | G85: 10 | H85: APRUEBO | K85: Frente Amplio | L85: INDEPENDIENTE SOCIALISTA DE CHILE | M85: Comisión de Participación Popular y Equidad Territorial | N85: Principios Constitucionales | P85: Preámbulo
A86: JORGE PATRICIO ARANCIBIA REYES | B86: =VLOOKUP(Tabla1[[#This Row],[NOMBRE CONVENCIONAL CONSTITUYENTE]],all!$A$2:$B$156,2,FALSE) -> 85 | C86: =VLOOKUP(Tabla1[[#This Row],[id]],apellido_nombre!$J$2:$K$155,2,FALSE) -> Arancibia, Jorge | D86: 1963-05-29 | E86: 58 | F86: Masculino | G86: 7 | H86: VAMOS POR CHILE | K86: Vamos por Chile | L86: INDEPENDIENTE UNION DEMOCRATA INDEPENDIENTE | M86: Comisión de Derechos Humanos, Verdad Histórica y Bases para la Justicia, Reparación y Garantías de no Repetición | N86: Forma de Estado | P86: No participó
A87: JUAN JOSÉ ANGEL SAN MARTIN BRAVO | B87: =VLOOKUP(Tabla1[[#This Row],[NOMBRE CONVENCIONAL CONSTITUYENTE]],all!$A$2:$B$156,2,FALSE) -> 86 | C87: =VLOOKUP(Tabla1[[#This Row],[id]],apellido_nombre!$J$2:$K$155,2,FALSE) -> Martín, Juan José | D87: 1968-03-28 | E87: 54 | F87: Masculino | G87: 12 | H87: NUEVA CONSTITUCION | K87: Nueva Constitución | L87: INDEPENDIENTE | M87: Comisión de Derechos Humanos, Verdad Histórica y Bases para la Justicia, Reparación y Garantías de no Repetición | N87: Medio Ambiente | P87: No participó
A88: JULIO JOSE LUIS ALVAREZ PINTO | B88: =VLOOKUP(Tabla1[[#This Row],[NOMBRE CONVENCIONAL CONSTITUYENTE]],all!$A$2:$B$156,2,FALSE) -> 87 | C88: =VLOOKUP(Tabla1[[#This Row],[id]],apellido_nombre!$J$2:$K$155,2,FALSE) -> Alvarez, Julio | D88: 1964-09-10 | E88: 57 | F88: Masculino | G88: 26 | H88: APRUEBO | K88: Colectivo Socialista | L88: SOCIALISTA DE CHILE | M88: Comisión de Descentralización, Equidad y Justicia Territorial. | N88: Forma de Estado | P88: Normas Transitorias
A89: KATERINE PRICILA MONTEALEGRE NAVARRO | B89: =VLOOKUP(Tabla1[[#This Row],[NOMBRE CONVENCIONAL CONSTITUYENTE]],all!$A$2:$B$156,2,FALSE) -> 88 | C89: =VLOOKUP(Tabla1[[#This Row],[id]],apellido_nombre!$J$2:$K$155,2,FALSE) -> Montealegre, Katerine | D89: 1991-04-17 | E89: 31 | F89: Femenino | G89: 26 | H89: VAMOS POR CHILE | K89: Vamos por Chile | L89: UNION DEMOCRATA INDEPENDIENTE | M89: Comisión de Ética | N89: Derechos Fundamentales | P89: Armonización
A90: LIDIA CRISTINA GONZÁLEZ CALDERÓN | B90: =VLOOKUP(Tabla1[[#This Row],[NOMBRE CONVENCIONAL CONSTITUYENTE]],all!$A$2:$B$156,2,FALSE) -> 89 | C90: =VLOOKUP(Tabla1[[#This Row],[id]],apellido_nombre!$J$2:$K$155,2,FALSE) -> González, Lidia | D90: 1967-04-27 | E90: 55 | F90: Femenino | G90: 29 | H90: PUEBLOS ORIGINARIOS | J90: YAGAN | K90: Pueblos Originarios | M90: Comisión de Ética | N90: Derechos Fundamentales | P90: Normas Transitorias
A91: LISETTE LORENA VERGARA RIQUELME | B91: =VLOOKUP(Tabla1[[#This Row],[NOMBRE CONVENCIONAL CONSTITUYENTE]],all!$A$2:$B$156,2,FALSE) -> 90 | C91: =VLOOKUP(Tabla1[[#This Row],[id]],apellido_nombre!$J$2:$K$155,2,FALSE) -> Vergara, Lisette | D91: 1992-09-14 | E91: 29 | F91: Femenino | G91: 6 | H91: DEL PUEBLO | I91: PUEBLO CONSTITUYENTE | K91: Pueblo Constituyente | L91: INDEPENDIENTE | M91: Comisión de Participación Popular y Equidad Territorial | N91: Principios Constitucionales | P91: Preámbulo
A92: LORENA DEL PILAR CESPEDES FERNANDEZ | B92: =VLOOKUP(Tabla1[[#This Row],[NOMBRE CONVENCIONAL CONSTITUYENTE]],all!$A$2:$B$156,2,FALSE) -> 91 | C92: =VLOOKUP(Tabla1[[#This Row],[id]],apellido_nombre!$J$2:$K$155,2,FALSE) -> Céspedes, Lorena | D92: 1973-07-18 | E92: 48 | F92: Femenino | G92: 23 | H92: NUEVA CONSTITUCION | K92: Nueva Constitución | L92: INDEPENDIENTE | M92: Comisión de Presupuestos y Administración Interior | N92: Principios Constitucionales | P92: Normas Transitorias
A93: LORETO CRISTINA VALLEJOS DAVILA | B93: =VLOOKUP(Tabla1[[#This Row],[NOMBRE CONVENCIONAL CONSTITUYENTE]],all!$A$2:$B$156,2,FALSE) -> 92 | C93: =VLOOKUP(Tabla1[[#This Row],[id]],apellido_nombre!$J$2:$K$155,2,FALSE) -> Vallejos, Loreto | D93: 1980-02-09 | E93: 42 | F93: Femenino | G93: 15 | H93: DEL PUEBLO | I93: PUEBLO CONSTITUYENTE | K93: Pueblo Constituyente | L93: INDEPENDIENTE | M93: Comisión de Ética | N93: Principios Constitucionales | P93: Normas Transitorias
A94: LUCIANO ERNESTO SILVA MORA | B94: =VLOOKUP(Tabla1[[#This Row],[NOMBRE CONVENCIONAL CONSTITUYENTE]],all!$A$2:$B$156,2,FALSE) -> 93 | C94: =VLOOKUP(Tabla1[[#This Row],[id]],apellido_nombre!$J$2:$K$155,2,FALSE) -> Silva, Luciano | D94: 1971-02-03 | E94: 51 | F94: Masculino | G94: 20 | H94: VAMOS POR CHILE | K94: Vamos por Chile | L94: RENOVACION NACIONAL | M94: Comisión de Ética | N94: Principios Constitucionales | P94: No participó
A95: LUIS ALBERTO JIMENEZ CACERES | B95: =VLOOKUP(Tabla1[[#This Row],[NOMBRE CONVENCIONAL CONSTITUYENTE]],all!$A$2:$B$156,2,FALSE) -> 94 | C95: =VLOOKUP(Tabla1[[#This Row],[id]],apellido_nombre!$J$2:$K$155,2,FALSE) -> Jiménez, Luis | D95: 1983-09-10 | E95: 38 | F95: Masculino | G95: 29 | H95: PUEBLOS ORIGINARIOS | J95: AIMARA | K95: Pueblos Originarios | M95: Comisión de Reglamentos | N95: Sistemas de Justicia | P95: Armonización
A96: LUIS ALEJANDRO ABEL MAYOL BOUCHON | B96: =VLOOKUP(Tabla1[[#This Row],[NOMBRE CONVENCIONAL CONSTITUYENTE]],all!$A$2:$B$156,2,FALSE) -> 95 | C96: =VLOOKUP(Tabla1[[#This Row],[id]],apellido_nombre!$J$2:$K$155,2,FALSE) -> Mayol, Luis | D96: 1952-11-27 | E96: 69 | F96: Masculino | G96: 23 | H96: VAMOS POR CHILE | K96: Vamos por Chile | L96: RENOVACION NACIONAL | M96: Comisión de Presupuestos y Administración Interior | N96: Sistemas de Justicia | P96: No participó
A97: LUIS ARTURO ZUÑIGA JORY | B97: =VLOOKUP(Tabla1[[#This Row],[NOMBRE CONVENCIONAL CONSTITUYENTE]],all!$A$2:$B$156,2,FALSE) -> 96 | C97: =VLOOKUP(Tabla1[[#This Row],[id]],apellido_nombre!$J$2:$K$155,2,FALSE) -> Zúñiga, Luis Arturo | D97: 1982-12-01 | E97: 39 | F97: Masculino | G97: 9 | H97: VAMOS POR CHILE | K97: Vamos por Chile | L97: UNION DEMOCRATA INDEPENDIENTE | M97: Comisión de Ética | N97: Sistema Político | P97: Armonización
A98: LUIS RAMÓN BARCELÓ AMADO | B98: =VLOOKUP(Tabla1[[#This Row],[NOMBRE CONVENCIONAL CONSTITUYENTE]],all!$A$2:$B$156,2,FALSE) -> 97 | C98: =VLOOKUP(Tabla1[[#This Row],[id]],apellido_nombre!$J$2:$K$155,2,FALSE) -> Barceló, Luis | D98: 1953-11-10 | E98: 68 | F98: Masculino | G98: 21 | H98: APRUEBO | K98: Colectivo Apruebo | L98: INDEPENDIENTE POR LA DEMOCRACIA | N98: Derechos Fundamentales | P98: Preámbulo
A99: MALUCHA PINTO SOLARI | B99: =VLOOKUP(Tabla1[[#This Row],[NOMBRE CONVENCIONAL CONSTITUYENTE]],all!$A$2:$B$156,2,FALSE) -> 98 | C99: =VLOOKUP(Tabla1[[#This Row],[id]],apellido_nombre!$J$2:$K$155,2,FALSE) -> Pinto, Malucha | D99: 1955-04-16 | E99: 67 | F99: Femenino | G99: 13 | H99: APRUEBO | K99: Colectivo Socialista | L99: SOCIALISTA DE CHILE | M99: Comisión de Participación Popular y Equidad Territorial | N99: Sistemas de Conocimiento | P99: No participó
A100: MANUEL JOSE OSSANDON LIRA | B100: =VLOOKUP(Tabla1[[#This Row],[NOMBRE CONVENCIONAL CONSTITUYENTE]],all!$A$2:$B$156,2,FALSE) -> 99 | C100: =VLOOKUP(Tabla1[[#This Row],[id]],apellido_nombre!$J$2:$K$155,2,FALSE) -> Ossandón, Manuel | D100: 1987-07-02 | E100: 34 | F100: Masculino | G100: 12 | H100: VAMOS POR CHILE | K100: Vamos por Chile | L100: INDEPENDIENTE RENOVACION NACIONAL | M100: Comisión de Participación y Consulta Indígena | N100: Derechos Fundamentales | P100: No participó
...

Sheet VOTACIONES POR INFORME Y NS
A1: Convencional | B1: Informe Comisión | C1: % votaciones A Favor | D1: % votaciones En Contra | E1: % votaciones Abstención | F1: % votaciones No Votó | G1: Nº A Favor | H1: Nº En Contra | I1: Nº Abstención | J1: Nº No votó | K1: Nº de Votaciones | L1: Partido | M1: Nominate Score General | N1: NS Convencional por votación de informe de comisión
A2: Zúñiga, Luis Arturo | B2: Sistema Político | C2: 0.2716763 | D2: 0.47591522 | E2: 0.2177264 | F2: 0.034682081 | G2: 141 | H2: 247 | I2: 113 | J2: 18 | K2: 519 | L2: Vamos por Chile | M2: 0.85652316 | N2: -0.94686896
B3: Principios Constitucionales | C3: 0.26023392 | D3: 0.50877193 | E3: 0.21345029 | F3: 0.01754386 | G3: 89 | H3: 174 | I3: 73 | J3: 6 | K3: 342 | N3: -0.8718366
B4: Medio Ambiente | C4: 0.22881356 | D4: 0.55932203 | E4: 0.19491525 | F4: 0.016949153 | G4: 54 | H4: 132 | I4: 46 | J4: 4 | K4: 236 | N4: -0.76463825
B5: Justicia | C5: 0.23037975 | D5: 0.4835443 | E5: 0.27594937 | F5: 0.010126582 | G5: 91 | H5: 191 | I5: 109 | J5: 4 | K5: 395 | N5: -0.96333051
B6: Forma de Estado | C6: 0.25044092 | D6: 0.45149912 | E6: 0.24514991 | F6: 0.052910053 | G6: 142 | H6: 256 | I6: 139 | J6: 30 | K6: 567 | N6: -0.45570508
B7: Derechos Fundamentales | C7: 0.53125 | D7: 0.29769737 | E7: 0.14638158 | F7: 0.024671053 | G7: 323 | H7: 181 | I7: 89 | J7: 15 | K7: 608 | N7: -0.8348648
B8: Conocimiento | C8: 0.26190476 | D8: 0.4702381 | E8: 0.26190476 | F8: 0.005952381 | G8: 88 | H8: 158 | I8: 88 | J8: 2 | K8: 336 | N8: -0.85686088
A9: Zárate, Camila | B9: Sistema Político | C9: 0.49903661 | D9: 0.43545279 | E9: 0.019267823 | F9: 0.046242775 | G9: 259 | H9: 226 | I9: 10 | J9: 24 | K9: 519 | L9: Pueblo Constituyente | M9: -0.8856073 | N9: 0.66718769
B10: Principios Constitucionales | C10: 0.69883041 | D10: 0.23684211 | E10: 0.035087719 | F10: 0.029239766 | G10: 239 | H10: 81 | I10: 12 | J10: 10 | K10: 342 | N10: 0.941845
B11: Medio Ambiente | C11: 0.72457627 | D11: 0.21610169 | E11: 0.046610169 | F11: 0.012711864 | G11: 171 | H11: 51 | I11: 11 | J11: 3 | K11: 236 | N11: 0.564062
B12: Justicia | C12: 0.74177215 | D12: 0.17468354 | E12: 0.053164557 | F12: 0.030379747 | G12: 293 | H12: 69 | I12: 21 | J12: 12 | K12: 395 | N12: 0.75080001
B13: Forma de Estado | C13: 0.75308642 | D13: 0.14109347 | E13: 0.074074074 | F13: 0.031746032 | G13: 427 | H13: 80 | I13: 42 | J13: 18 | K13: 567 | N13: 0.76415354
B14: Derechos Fundamentales | C14: 0.32565789 | D14: 0.56743421 | E14: 0.060855263 | F14: 0.046052632 | G14: 198 | H14: 345 | I14: 37 | J14: 28 | K14: 608 | N14: 0.91732675
B15: Conocimiento | C15: 0.63095238 | D15: 0.23809524 | E15: 0.089285714 | F15: 0.041666667 | G15: 212 | H15: 80 | I15: 30 | J15: 14 | K15: 336 | N15: 0.86803728
A16: Woldarsky, Manuel | B16: Sistema Político | C16: 0.59537572 | D16: 0.37379576 | E16: 0.0019267823 | F16: 0.028901734 | G16: 309 | H16: 194 | I16: 1 | J16: 15 | K16: 519 | L16: Mixto | M16: -0.92628521 | N16: 0.90230042
B17: Principios Constitucionales | C17: 0.62573099 | D17: 0.34795322 | E17: 0.0058479532 | F17: 0.020467836 | G17: 214 | H17: 119 | I17: 2 | J17: 7 | K17: 342 | N17: 0.7380482
B18: Medio Ambiente | C18: 0.76694915 | D18: 0.21610169 | E18: 0.0042372881 | F18: 0.012711864 | G18: 181 | H18: 51 | I18: 1 | J18: 3 | K18: 236 | N18: 0.47878626
B19: Justicia | C19: 0.77721519 | D19: 0.17974684 | E19: 0.040506329 | F19: 0.0025316456 | G19: 307 | H19: 71 | I19: 16 | J19: 1 | K19: 395 | N19: 0.95661807
B20: Forma de Estado | C20: 0.79717813 | D20: 0.17636684 | E20: 0.0052910053 | F20: 0.021164021 | G20: 452 | H20: 100 | I20: 3 | J20: 12 | K20: 567 | N20: 0.7660712
B21: Derechos Fundamentales | C21: 0.45394737 | D21: 0.50328947 | E21: 0.0016447368 | F21: 0.041118421 | G21: 276 | H21: 306 | I21: 1 | J21: 25 | K21: 608 | N21: 0.93088359
B22: Conocimiento | C22: 0.71130952 | D22: 0.25297619 | E22: 0.017857143 | F22: 0.017857143 | G22: 239 | H22: 85 | I22: 6 | J22: 6 | K22: 336 | N22: 0.96969736
A23: Villena, Ingrid | B23: Sistema Político | C23: 0.46820809 | D23: 0.34296724 | E23: 0.013487476 | F23: 0.17533719 | G23: 243 | H23: 178 | I23: 7 | J23: 91 | K23: 519 | L23: Pueblo Constituyente | M23: -0.79295927 | N23: 0.80420071
B24: Principios Constitucionales | C24: 0.65789474 | D24: 0.28947368 | E24: 0.029239766 | F24: 0.023391813 | G24: 225 | H24: 99 | I24: 10 | J24: 8 | K24: 342 | N24: 0.73439163
B25: Medio Ambiente | C25: 0.71610169 | D25: 0.21186441 | E25: 0.050847458 | F25: 0.021186441 | G25: 169 | H25: 50 | I25: 12 | J25: 5 | K25: 236 | N25: 0.31749222
B26: Justicia | C26: 0.75949367 | D26: 0.20759494 | E26: 0.030379747 | F26: 0.0025316456 | G26: 300 | H26: 82 | I26: 12 | J26: 1 | K26: 395 | N26: 0.66571796
B27: Forma de Estado | C27: 0.70546737 | D27: 0.17283951 | E27: 0.093474427 | F27: 0.028218695 | G27: 400 | H27: 98 | I27: 53 | J27: 16 | K27: 567 | N27: 0.69983351
B28: Derechos Fundamentales | C28: 0.375 | D28: 0.57565789 | E28: 0.034539474 | F28: 0.014802632 | G28: 228 | H28: 350 | I28: 21 | J28: 9 | K28: 608 | N28: 0.74627507
B29: Conocimiento | C29: 0.64285714 | D29: 0.27678571 | E29: 0.05952381 | F29: 0.020833333 | G29: 216 | H29: 93 | I29: 20 | J29: 7 | K29: 336 | N29: 0.74622607
A30: Vilches, Carolina | B30: Sistema Político | C30: 0.51445087 | D30: 0.44123314 | E30: 0.013487476 | F30: 0.030828516 | G30: 267 | H30: 229 | I30: 7 | J30: 16 | K30: 519 | L30: Movimiento Sociales Constituyentes | M30: -0.89286345 | N30: 0.60433555
B31: Principios Constitucionales | C31: 0.6871345 | D31: 0.27777778 | E31: 0.0058479532 | F31: 0.029239766 | G31: 235 | H31: 95 | I31: 2 | J31: 10 | K31: 342 | N31: 0.82121426
B32: Medio Ambiente | C32: 0.72033898 | D32: 0.21186441 | E32: 0.042372881 | F32: 0.025423729 | G32: 170 | H32: 50 | I32: 10 | J32: 6 | K32: 236 | N32: 0.37460175
B33: Justicia | C33: 0.76708861 | D33: 0.15696203 | E33: 0.04556962 | F33: 0.030379747 | G33: 303 | H33: 62 | I33: 18 | J33: 12 | K33: 395 | N33: 0.81670636
B34: Forma de Estado | C34: 0.82010582 | D34: 0.14462081 | E34: 0.0070546737 | F34: 0.028218695 | G34: 465 | H34: 82 | I34: 4 | J34: 16 | K34: 567 | N34: 0.99722695
B35: Derechos Fundamentales | C35: 0.40460526 | D35: 0.53947368 | E35: 0.021381579 | F35: 0.034539474 | G35: 246 | H35: 328 | I35: 13 | J35: 21 | K35: 608 | N35: 0.98053402
B36: Conocimiento | C36: 0.69345238 | D36: 0.23511905 | E36: 0.035714286 | F36: 0.035714286 | G36: 233 | H36: 79 | I36: 12 | J36: 12 | K36: 336 | N36: 0.92296469
A37: Viera, Christian | B37: Sistema Político | C37: 0.47976879 | D37: 0.41618497 | E37: 0.038535645 | F37: 0.065510597 | G37: 249 | H37: 216 | I37: 20 | J37: 34 | K37: 519 | L37: Frente Amplio | M37: -0.47713217 | N37: 0.46622667
B38: Principios Constitucionales | C38: 0.46491228 | D38: 0.46491228 | E38: 0.067251462 | F38: 0.0029239766 | G38: 159 | H38: 159 | I38: 23 | J38: 1 | K38: 342 | N38: 0.43688056
B39: Medio Ambiente | C39: 0.22457627 | D39: 0.61016949 | E39: 0.15677966 | F39: 0.0084745763 | G39: 53 | H39: 144 | I39: 37 | J39: 2 | K39: 236 | N39: -0.26786399
B40: Justicia | C40: 0.72405063 | D40: 0.24810127 | E40: 0.02278481 | F40: 0.0050632911 | G40: 286 | H40: 98 | I40: 9 | J40: 2 | K40: 395 | N40: 0.5038417
B41: Forma de Estado | C41: 0.664903 | D41: 0.24338624 | E41: 0.079365079 | F41: 0.012345679 | G41: 377 | H41: 138 | I41: 45 | J41: 7 | K41: 567 | N41: 0.58331555
B42: Derechos Fundamentales | C42: 0.27302632 | D42: 0.59210526 | E42: 0.074013158 | F42: 0.060855263 | G42: 166 | H42: 360 | I42: 45 | J42: 37 | K42: 608 | N42: 0.58691859
B43: Conocimiento | C43: 0.38988095 | D43: 0.47916667 | E43: 0.13095238 | F43: 0 | G43: 131 | H43: 161 | I43: 44 | J43: 0 | K43: 336 | N43: 0.18615
A44: Videla, Carolina | B44: Sistema Político | C44: 0.6088632 | D44: 0.37957611 | E44: 0 | F44: 0.011560694 | G44: 316 | H44: 197 | I44: 0 | J44: 6 | K44: 519 | L44: Chile Digno | M44: -0.75395262 | N44: 0.88538581
B45: Principios Constitucionales | C45: 0.65497076 | D45: 0.33040936 | E45: 0 | F45: 0.014619883 | G45: 224 | H45: 113 | I45: 0 | J45: 5 | K45: 342 | N45: 0.67670768
B46: Medio Ambiente | C46: 0.74576271 | D46: 0.25 | E46: 0 | F46: 0.0042372881 | G46: 176 | H46: 59 | I46: 0 | J46: 1 | K46: 236 | N46: 0.32583588
B47: Justicia | C47: 0.75696203 | D47: 0.23544304 | E47: 0 | F47: 0.0075949367 | G47: 299 | H47: 93 | I47: 0 | J47: 3 | K47: 395 | N47: 0.58215517
B48: Forma de Estado | C48: 0.71428571 | D48: 0.27865961 | E48: 0 | F48: 0.0070546737 | G48: 405 | H48: 158 | I48: 0 | J48: 4 | K48: 567 | N48: 0.50394058
B49: Derechos Fundamentales | C49: 0.38651316 | D49: 0.59539474 | E49: 0 | F49: 0.018092105 | G49: 235 | H49: 362 | I49: 0 | J49: 11 | K49: 608 | N49: 0.75301027
B50: Conocimiento | C50: 0.71428571 | D50: 0.27380952 | E50: 0 | F50: 0.011904762 | G50: 240 | H50: 92 | I50: 0 | J50: 4 | K50: 336 | N50: 0.72226644
A51: Vidal, Loreto | B51: Sistema Político | C51: 0.5105973 | D51: 0.4026975 | E51: 0.0057803468 | F51: 0.080924855 | G51: 265 | H51: 209 | I51: 3 | J51: 42 | K51: 519 | L51: Otros | M51: -0.80350733 | N51: 0.59495234
B52: Principios Constitucionales | C52: 0.68421053 | D52: 0.25730994 | E52: 0.040935673 | F52: 0.01754386 | G52: 234 | H52: 88 | I52: 14 | J52: 6 | K52: 342 | N52: 0.87158358
B53: Medio Ambiente | C53: 0.63559322 | D53: 0.20338983 | E53: 0.055084746 | F53: 0.1059322 | G53: 150 | H53: 48 | I53: 13 | J53: 25 | K53: 236 | N53: 0.24524583
B54: Justicia | C54: 0.74177215 | D54: 0.1721519 | E54: 0.043037975 | F54: 0.043037975 | G54: 293 | H54: 68 | I54: 17 | J54: 17 | K54: 395 | N54: 0.76748329
B55: Forma de Estado | C55: 0.77601411 | D55: 0.14638448 | E55: 0.0035273369 | F55: 0.074074074 | G55: 440 | H55: 83 | I55: 2 | J55: 42 | K55: 567 | N55: 0.80551517
B56: Derechos Fundamentales | C56: 0.41118421 | D56: 0.5625 | E56: 0.016447368 | F56: 0.0098684211 | G56: 250 | H56: 342 | I56: 10 | J56: 6 | K56: 608 | N56: 0.76383299
B57: Conocimiento | C57: 0.7172619 | D57: 0.21428571 | E57: 0.014880952 | F57: 0.053571429 | G57: 241 | H57: 72 | I57: 5 | J57: 18 | K57: 336 | N57: 0.85330433
A58: Vergara, Lisette | B58: Sistema Político | C58: 0.4894027 | D58: 0.40077071 | E58: 0.10789981 | F58: 0.0019267823 | G58: 254 | H58: 208 | I58: 56 | J58: 1 | K58: 519 | L58: Pueblo Constituyente | M58: -0.89586699 | N58: 0.90010405
B59: Principios Constitucionales | C59: 0.60818713 | D59: 0.33918129 | E59: 0.052631579 | F59: 0 | G59: 208 | H59: 116 | I59: 18 | J59: 0 | K59: 342 | N59: 0.75411558
B60: Medio Ambiente | C60: 0.77542373 | D60: 0.20762712 | E60: 0.016949153 | F60: 0 | G60: 183 | H60: 49 | I60: 4 | J60: 0 | K60: 236 | N60: 0.67230767
B61: Justicia | C61: 0.74177215 | D61: 0.2 | E61: 0.058227848 | F61: 0 | G61: 293 | H61: 79 | I61: 23 | J61: 0 | K61: 395 | N61: 0.9098891
B62: Forma de Estado | C62: 0.76719577 | D62: 0.17107584 | E62: 0.044091711 | F62: 0.017636684 | G62: 435 | H62: 97 | I62: 25 | J62: 10 | K62: 567 | N62: 0.7679618
B63: Derechos Fundamentales | C63: 0.44572368 | D63: 0.49835526 | E63: 0.049342105 | F63: 0.0065789474 | G63: 271 | H63: 303 | I63: 30 | J63: 4 | K63: 608 | N63: 0.89687586
B64: Conocimiento | C64: 0.66071429 | D64: 0.26785714 | E64: 0.068452381 | F64: 0.0029761905 | G64: 222 | H64: 90 | I64: 23 | J64: 1 | K64: 336 | N64: 0.82024348
A65: Velásquez, Hernán | B65: Sistema Político | C65: 0.64354528 | D65: 0.33526012 | E65: 0.0019267823 | F65: 0.019267823 | G65: 334 | H65: 174 | I65: 1 | J65: 10 | K65: 519 | L65: Chile Digno | M65: -0.86084324 | N65: 0.8739506
B66: Principios Constitucionales | C66: 0.6871345 | D66: 0.29532164 | E66: 0.0029239766 | F66: 0.014619883 | G66: 235 | H66: 101 | I66: 1 | J66: 5 | K66: 342 | N66: 0.66809654
B67: Medio Ambiente | C67: 0.72033898 | D67: 0.17372881 | E67: 0 | F67: 0.1059322 | G67: 170 | H67: 41 | I67: 0 | J67: 25 | K67: 236 | N67: 0.31662187
B68: Justicia | C68: 0.81012658 | D68: 0.17974684 | E68: 0 | F68: 0.010126582 | G68: 320 | H68: 71 | I68: 0 | J68: 4 | K68: 395 | N68: 0.68111092
B69: Forma de Estado | C69: 0.82363316 | D69: 0.14991182 | E69: 0 | F69: 0.026455026 | G69: 467 | H69: 85 | I69: 0 | J69: 15 | K69: 567 | N69: 0.76789808
B70: Derechos Fundamentales | C70: 0.46052632 | D70: 0.51480263 | E70: 0.0049342105 | F70: 0.019736842 | G70: 280 | H70: 313 | I70: 3 | J70: 12 | K70: 608 | N70: 0.88164604
B71: Conocimiento | C71: 0.76785714 | D71: 0.20833333 | E71: 0 | F71: 0.023809524 | G71: 258 | H71: 70 | I71: 0 | J71: 8 | K71: 336 | N71: 0.77536291
A72: Veloso, Paulina | B72: Sistema Político | C72: 0.25240848 | D72: 0.24855491 | E72: 0.36030829 | F72: 0.13872832 | G72: 131 | H72: 129 | I72: 187 | J72: 72 | K72: 519 | L72: Vamos por Chile | M72: 0.41522589 | N72: -0.4979699
B73: Principios Constitucionales | C73: 0.4005848 | D73: 0.17251462 | E73: 0.38011696 | F73: 0.046783626 | G73: 137 | H73: 59 | I73: 130 | J73: 16 | K73: 342 | N73: -0.1840383
B74: Medio Ambiente | C74: 0.24576271 | D74: 0.3220339 | E74: 0.42372881 | F74: 0.0084745763 | G74: 58 | H74: 76 | I74: 100 | J74: 2 | K74: 236 | N74: -0.7502569
B75: Justicia | C75: 0.32911392 | D75: 0.33670886 | E75: 0.26835443 | F75: 0.065822785 | G75: 130 | H75: 133 | I75: 106 | J75: 26 | K75: 395 | N75: -0.49603325
B76: Forma de Estado | C76: 0.38271605 | D76: 0.335097 | E76: 0.27160494 | F76: 0.010582011 | G76: 217 | H76: 190 | I76: 154 | J76: 6 | K76: 567 | N76: -0.15908188
B77: Derechos Fundamentales | C77: 0.49835526 | D77: 0.22532895 | E77: 0.20888158 | F77: 0.067434211 | G77: 303 | H77: 137 | I77: 127 | J77: 41 | K77: 608 | N77: -0.44152075
B78: Conocimiento | C78: 0.3452381 | D78: 0.33035714 | E78: 0.30654762 | F78: 0.017857143 | G78: 116 | H78: 111 | I78: 103 | J78: 6 | K78: 336 | N78: -0.51309371
A79: Vega, Roberto | B79: Sistema Político | C79: 0.23506744 | D79: 0.38728324 | E79: 0.21194605 | F79: 0.16570328 | G79: 122 | H79: 201 | I79: 110 | J79: 86 | K79: 519 | L79: Vamos por Chile | M79: 0.44022405 | N79: -0.40761533
B80: Principios Constitucionales | C80: 0.3128655 | D80: 0.38304094 | E80: 0.25146199 | F80: 0.052631579 | G80: 107 | H80: 131 | I80: 86 | J80: 18 | K80: 342 | N80: -0.46771711
B81: Medio Ambiente | C81: 0.19067797 | D81: 0.49576271 | E81: 0.27966102 | F81: 0.033898305 | G81: 45 | H81: 117 | I81: 66 | J81: 8 | K81: 236 | N81: -0.86181402
B82: Justicia | C82: 0.31139241 | D82: 0.37468354 | E82: 0.25316456 | F82: 0.060759494 | G82: 123 | H82: 148 | I82: 100 | J82: 24 | K82: 395 | N82: -0.56019604
B83: Forma de Estado | C83: 0.31040564 | D83: 0.37918871 | E83: 0.28218695 | F83: 0.028218695 | G83: 176 | H83: 215 | I83: 160 | J83: 16 | K83: 567 | N83: -0.21957168
B84: Derechos Fundamentales | C84: 0.42598684 | D84: 0.18914474 | E84: 0.23026316 | F84: 0.15460526 | G84: 259 | H84: 115 | I84: 140 | J84: 94 | K84: 608 | N84: -0.37463754
B85: Conocimiento | C85: 0.24702381 | D85: 0.32738095 | E85: 0.25 | F85: 0.17559524 | G85: 83 | H85: 110 | I85: 84 | J85: 59 | K85: 336 | N85: -0.5282883
A86: Vargas, Mario | B86: Sistema Político | C86: 0.52601156 | D86: 0.41425819 | E86: 0.0096339114 | F86: 0.050096339 | G86: 273 | H86: 215 | I86: 5 | J86: 26 | K86: 519 | L86: Colectivo Socialista | M86: -0.56976944 | N86: 0.38389304
B87: Principios Constitucionales | C87: 0.51169591 | D87: 0.4502924 | E87: 0.0029239766 | F87: 0.035087719 | G87: 175 | H87: 154 | I87: 1 | J87: 12 | K87: 342 | N87: 0.46235517
B88: Medio Ambiente | C88: 0.47033898 | D88: 0.33050847 | E88: 0.18644068 | F88: 0.012711864 | G88: 111 | H88: 78 | I88: 44 | J88: 3 | K88: 236 | N88: -0.014504852
B89: Justicia | C89: 0.70632911 | D89: 0.23544304 | E89: 0.0025316456 | F89: 0.055696203 | G89: 279 | H89: 93 | I89: 1 | J89: 22 | K89: 395 | N89: 0.43076247
B90: Forma de Estado | C90: 0.79541446 | D90: 0.17460317 | E90: 0 | F90: 0.029982363 | G90: 451 | H90: 99 | I90: 0 | J90: 17 | K90: 567 | N90: 0.63964087
B91: Derechos Fundamentales | C91: 0.35526316 | D91: 0.59210526 | E91: 0.024671053 | F91: 0.027960526 | G91: 216 | H91: 360 | I91: 15 | J91: 17 | K91: 608 | N91: 0.57596147
B92: Conocimiento | C92: 0.68452381 | D92: 0.25 | E92: 0.0029761905 | F92: 0.0625 | G92: 230 | H92: 84 | I92: 1 | J92: 21 | K92: 336 | N92: 0.64428639
A93: Vargas, Margarita | B93: Sistema Político | C93: 0.52986513 | D93: 0.3911368 | E93: 0.023121387 | F93: 0.055876686 | G93: 275 | H93: 203 | I93: 12 | J93: 29 | K93: 519 | L93: Pueblos Originarios | M93: -0.88440263 | N93: 0.72222793
B94: Principios Constitucionales | C94: 0.46783626 | D94: 0.24853801 | E94: 0.046783626 | F94: 0.23684211 | G94: 160 | H94: 85 | I94: 16 | J94: 81 | K94: 342 | N94: 0.76444757
B95: Medio Ambiente | C95: 0.66525424 | D95: 0.18644068 | E95: 0.093220339 | F95: 0.055084746 | G95: 157 | H95: 44 | I95: 22 | J95: 13 | K95: 236 | N95: 0.42522678
B96: Justicia | C96: 0.66835443 | D96: 0.16962025 | E96: 0.091139241 | F96: 0.070886076 | G96: 264 | H96: 67 | I96: 36 | J96: 28 | K96: 395 | N96: 0.80482602
B97: Forma de Estado | C97: 0.70899471 | D97: 0.16402116 | E97: 0.042328042 | F97: 0.084656085 | G97: 402 | H97: 93 | I97: 24 | J97: 48 | K97: 567 | N97: 0.77363008
B98: Derechos Fundamentales | C98: 0.41118421 | D98: 0.48355263 | E98: 0.067434211 | F98: 0.037828947 | G98: 250 | H98: 294 | I98: 41 | J98: 23 | K98: 608 | N98: 0.82721406
B99: Conocimiento | C99: 0.70238095 | D99: 0.22619048 | E99: 0.050595238 | F99: 0.020833333 | G99: 236 | H99: 76 | I99: 17 | J99: 7 | K99: 336 | N99: 0.83403569
A100: Vallejos, Loreto | B100: Sistema Político | C100: 0.51830443 | D100: 0.42003854 | E100: 0.013487476 | F100: 0.048169557 | G100: 269 | H100: 218 | I100: 7 | J100: 25 | K100: 519 | L100: Pueblo Constituyente | M100: -0.84534794 | N100: 0.62602144
...

Sheet apellido_nombre
A1: apellido, nombre | B1: draft_apell | C1: draft_nombre | D1: arrumar_apellido | E1: arrumar_nombre | F1: 1er apell | G1: 1er nombr | H1: minuscula | I1: sin accento | J1: id | K1: apellido, nombre | L1: id
A2: Millabur, Adolfo | B2: {=_xlfn.TEXTSPLIT(A2,",")} -> #NAME? | C2: #NAME? | D2: =TRIM(B2) -> #NAME? | E2: =TRIM(C2) -> #NAME? | F2: =LOWER(D2) -> #NAME? | G2: =LOWER(E2) -> #NAME? | H2: =LOWER(A2) -> millabur, adolfo | I2: millabur, adolfo | J2: =VLOOKUP(I2,all!$N$2:$O$156,2,FALSE) -> 1 | K2: Millabur, Adolfo | L2: 1
A3: Ampuero, Adriana | B3: {=_xlfn.TEXTSPLIT(A3,",")} -> #NAME? | C3: #NAME? | D3: =TRIM(B3) -> #NAME? | E3: =TRIM(C3) -> #NAME? | F3: =LOWER(D3) -> #NAME? | G3: =LOWER(E3) -> #NAME? | H3: =LOWER(A3) -> ampuero, adriana | I3: ampuero, adriana | J3: =VLOOKUP(I3,all!$N$2:$O$156,2,FALSE) -> 2 | K3: Ampuero, Adriana | L3: 2
A4: Cancino, Adriana | B4: {=_xlfn.TEXTSPLIT(A4,",")} -> #NAME? | C4: #NAME? | D4: =TRIM(B4) -> #NAME? | E4: =TRIM(C4) -> #NAME? | F4: =LOWER(D4) -> #NAME? | G4: =LOWER(E4) -> #NAME? | H4: =LOWER(A4) -> cancino, adriana | I4: cancino, adriana | J4: =VLOOKUP(I4,all!$N$2:$O$156,2,FALSE) -> 3 | K4: Cancino, Adriana | L4: 3
A5: Squella, Agustín | B5: {=_xlfn.TEXTSPLIT(A5,",")} -> #NAME? | C5: #NAME? | D5: =TRIM(B5) -> #NAME? | E5: =TRIM(C5) -> #NAME? | F5: =LOWER(D5) -> #NAME? | G5: =LOWER(E5) -> #NAME? | H5: =LOWER(A5) -> squella, agustín | I5: squella, agustin | J5: =VLOOKUP(I5,all!$N$2:$O$156,2,FALSE) -> 4 | K5: Squella, Agustín | L5: 4
A6: Flores, Alejandra | B6: {=_xlfn.TEXTSPLIT(A6,",")} -> #NAME? | C6: #NAME? | D6: =TRIM(B6) -> #NAME? | E6: =TRIM(C6) -> #NAME? | F6: =LOWER(D6) -> #NAME? | G6: =LOWER(E6) -> #NAME? | H6: =LOWER(A6) -> flores, alejandra | I6: flores, alejandra | J6: =VLOOKUP(I6,all!$N$2:$O$156,2,FALSE) -> 5 | K6: Flores, Alejandra | L6: 5
A7: Pérez, Alejandra | B7: {=_xlfn.TEXTSPLIT(A7,",")} -> #NAME? | C7: #NAME? | D7: =TRIM(B7) -> #NAME? | E7: =TRIM(C7) -> #NAME? | F7: =LOWER(D7) -> #NAME? | G7: =LOWER(E7) -> #NAME? | H7: =LOWER(A7) -> pérez, alejandra | I7: perez, alejandra | J7: =VLOOKUP(I7,all!$N$2:$O$156,2,FALSE) -> 6 | K7: Pérez, Alejandra | L7: 6
A8: Caiguan, Alexis | B8: {=_xlfn.TEXTSPLIT(A8,",")} -> #NAME? | C8: #NAME? | D8: =TRIM(B8) -> #NAME? | E8: =TRIM(C8) -> #NAME? | F8: =LOWER(D8) -> #NAME? | G8: =LOWER(E8) -> #NAME? | H8: =LOWER(A8) -> caiguan, alexis | I8: caiguan, alexis | J8: =VLOOKUP(I8,all!$N$2:$O$156,2,FALSE) -> 7 | K8: Caiguan, Alexis | L8: 7
A9: Moreno, Alfredo | B9: {=_xlfn.TEXTSPLIT(A9,",")} -> #NAME? | C9: #NAME? | D9: =TRIM(B9) -> #NAME? | E9: =TRIM(C9) -> #NAME? | F9: =LOWER(D9) -> #NAME? | G9: =LOWER(E9) -> #NAME? | H9: =LOWER(A9) -> moreno, alfredo | I9: moreno, alfredo | J9: =VLOOKUP(I9,all!$N$2:$O$156,2,FALSE) -> 8 | K9: Moreno, Alfredo | L9: 8
A10: Carrillo, Alondra | B10: {=_xlfn.TEXTSPLIT(A10,",")} -> #NAME? | C10: #NAME? | D10: =TRIM(B10) -> #NAME? | E10: =TRIM(C10) -> #NAME? | F10: =LOWER(D10) -> #NAME? | G10: =LOWER(E10) -> #NAME? | H10: =LOWER(A10) -> carrillo, alondra | I10: carrillo, alondra | J10: =VLOOKUP(I10,all!$N$2:$O$156,2,FALSE) -> 9 | K10: Carrillo, Alondra | L10: 9
A11: Jofré, Alvaro | B11: {=_xlfn.TEXTSPLIT(A11,",")} -> #NAME? | C11: #NAME? | D11: =TRIM(B11) -> #NAME? | E11: =TRIM(C11) -> #NAME? | F11: =LOWER(D11) -> #NAME? | G11: =LOWER(E11) -> #NAME? | H11: =LOWER(A11) -> jofré, alvaro | I11: jofre, alvaro | J11: =VLOOKUP(I11,all!$N$2:$O$156,2,FALSE) -> 10 | K11: Jofré, Alvaro | L11: 10
A12: Saldaña, Alvin | B12: {=_xlfn.TEXTSPLIT(A12,",")} -> #NAME? | C12: #NAME? | D12: =TRIM(B12) -> #NAME? | E12: =TRIM(C12) -> #NAME? | F12: =LOWER(D12) -> #NAME? | G12: =LOWER(E12) -> #NAME? | H12: =LOWER(A12) -> saldaña, alvin | I12: saldana, alvin | J12: =VLOOKUP(I12,all!$N$2:$O$156,2,FALSE) -> 11 | K12: Saldaña, Alvin | L12: 11
A13: Alvez, Amaya | B13: {=_xlfn.TEXTSPLIT(A13,",")} -> #NAME? | C13: #NAME? | D13: =TRIM(B13) -> #NAME? | E13: =TRIM(C13) -> #NAME? | F13: =LOWER(D13) -> #NAME? | G13: =LOWER(E13) -> #NAME? | H13: =LOWER(A13) -> alvez, amaya | I13: alvez, amaya | J13: =VLOOKUP(I13,all!$N$2:$O$156,2,FALSE) -> 12 | K13: Alvez, Amaya | L13: 12
... A155: Gómez, Yarela | B155: {=_xlfn.TEXTSPLIT(A155,",")} -> #NAME? | C155: #NAME? | D155: =TRIM(B155) -> #NAME? | E155: =TRIM(C155) -> #NAME? | F155: =LOWER(D155) -> #NAME? | G155: =LOWER(E155) -> #NAME? | H155: =LOWER(A155) -> gómez, yarela | I155: gomez, yarela | J155: =VLOOKUP(I155,all!$N$2:$O$156,2,FALSE) -> 155 | K155: Gómez, Yarela | L155: 155

Sheet all
A1: nombre completo | B1: id | C1: 1er nombre | D1: 2o nombre | E1: 1er apellido | F1: 2o apellido | I1: count | J1: check | K1: 1er nombre | L1: 1er apellido | M1: apellido, nombre | N1: sin acento | O1: id
A2: ADOLFO NONATO MILLABUR ÑANCUIL | B2: 1 | C2: {=_xlfn.TEXTSPLIT(A2," ")} -> #NAME? | D2: #NAME? | E2: #NAME? | F2: #NAME? | I2: =COUNTA(C2:H2) -> 4 | J2: =IF(I2<5,1,0) -> 1 | K2: =LOWER(TRIM(C2)) -> #NAME? | L2: =LOWER(TRIM(E2)) -> #NAME? | M2: =IFERROR(IF(J2=1,_xlfn.CONCAT(L2,", ",K2)),0) -> 0 | N2: millabur, adolfo | O2: =B2 -> 1
A3: ADRIANA CAMILA AMPUERO BARRIENTOS | B3: 2 | C3: {=_xlfn.TEXTSPLIT(A3," ")} -> #NAME? | D3: #NAME? | E3: #NAME? | F3: #NAME? | I3: =COUNTA(C3:H3) -> 4 | J3: =IF(I3<5,1,0) -> 1 | K3: =LOWER(TRIM(C3)) -> #NAME? | L3: =LOWER(TRIM(E3)) -> #NAME? | M3: =IFERROR(IF(J3=1,_xlfn.CONCAT(L3,", ",K3)),0) -> 0 | N3: ampuero, adriana | O3: =B3 -> 2
A4: ADRIANA JANET MERCEDES CANCINO MENESES | B4: 3 | C4: ADRIANA | D4: JANET | E4: CANCINO | F4: MENESES | I4: =COUNTA(C4:H4) -> 4 | J4: =IF(I4<5,1,0) -> 1 | K4: =LOWER(TRIM(C4)) -> adriana | L4: =LOWER(TRIM(E4)) -> cancino | M4: =IFERROR(IF(J4=1,_xlfn.CONCAT(L4,", ",K4)),0) -> 0 | N4: cancino, adriana | O4: =B4 -> 3
A5: AGUSTÍN SQUELLA NARDUCCI | B5: 4 | C5: AGUSTÍN | D5: SQUELLA | E5: SQUELLA | F5: NARDUCCI | I5: =COUNTA(C5:H5) -> 4 | J5: =IF(I5<5,1,0) -> 1 | K5: =LOWER(TRIM(C5)) -> agustín | L5: =LOWER(TRIM(E5)) -> squella | M5: =IFERROR(IF(J5=1,_xlfn.CONCAT(L5,", ",K5)),0) -> 0 | N5: squella, agustin | O5: =B5 -> 4
A6: ALEJANDRA ALICIA FLORES CARLOS | B6: 5 | C6: {=_xlfn.TEXTSPLIT(A6," ")} -> #NAME? | D6: #NAME? | E6: #NAME? | F6: #NAME? | I6: =COUNTA(C6:H6) -> 4 | J6: =IF(I6<5,1,0) -> 1 | K6: =LOWER(TRIM(C6)) -> #NAME? | L6: =LOWER(TRIM(E6)) -> #NAME? | M6: =IFERROR(IF(J6=1,_xlfn.CONCAT(L6,", ",K6)),0) -> 0 | N6: flores, alejandra | O6: =B6 -> 5
A7: ALEJANDRA PÍA PÉREZ ESPINA | B7: 6 | C7: {=_xlfn.TEXTSPLIT(A7," ")} -> #NAME? | D7: #NAME? | E7: #NAME? | F7: #NAME? | I7: =COUNTA(C7:H7) -> 4 | J7: =IF(I7<5,1,0) -> 1 | K7: =LOWER(TRIM(C7)) -> #NAME? | L7: =LOWER(TRIM(E7)) -> #NAME? | M7: =IFERROR(IF(J7=1,_xlfn.CONCAT(L7,", ",K7)),0) -> 0 | N7: perez, alejandra | O7: =B7 -> 6
A8: ALEXIS REINALDO CAIGUÁN ANCAPAN | B8: 7 | C8: {=_xlfn.TEXTSPLIT(A8," ")} -> #NAME? | D8: #NAME? | E8: #NAME? | F8: #NAME? | I8: =COUNTA(C8:H8) -> 4 | J8: =IF(I8<5,1,0) -> 1 | K8: =LOWER(TRIM(C8)) -> #NAME? | L8: =LOWER(TRIM(E8)) -> #NAME? | M8: =IFERROR(IF(J8=1,_xlfn.CONCAT(L8,", ",K8)),0) -> 0 | N8: caiguan, alexis | O8: =B8 -> 7
A9: ALFREDO MORENO ECHEVERRÍA | B9: 8 | C9: ALFREDO | D9: MORENO | E9: MORENO | I9: =COUNTA(C9:H9) -> 3 | J9: =IF(I9<5,1,0) -> 1 | K9: =LOWER(TRIM(C9)) -> alfredo | L9: =LOWER(TRIM(E9)) -> moreno | M9: =IFERROR(IF(J9=1,_xlfn.CONCAT(L9,", ",K9)),0) -> 0 | N9: moreno, alfredo | O9: =B9 -> 8
A10: ALONDRA CARRILLO VIDAL | B10: 9 | C10: ALONDRA | D10: CARRILLO | E10: CARRILLO | F10: VIDAL | I10: =COUNTA(C10:H10) -> 4 | J10: =IF(I10<5,1,0) -> 1 | K10: =LOWER(TRIM(C10)) -> alondra | L10: =LOWER(TRIM(E10)) -> carrillo | M10: =IFERROR(IF(J10=1,_xlfn.CONCAT(L10,", ",K10)),0) -> 0 | N10: carrillo, alondra | O10: =B10 -> 9
A11: ÁLVARO ARTURO JOFRE CÁCERES | B11: 10 | C11: {=_xlfn.TEXTSPLIT(A11," ")} -> #NAME? | D11: #NAME? | E11: #NAME? | F11: #NAME? | I11: =COUNTA(C11:H11) -> 4 | J11: =IF(I11<5,1,0) -> 1 | K11: =LOWER(TRIM(C11)) -> #NAME? | L11: =LOWER(TRIM(E11)) -> #NAME? | M11: =IFERROR(IF(J11=1,_xlfn.CONCAT(L11,", ",K11)),0) -> 0 | N11: jofre, alvaro | O11: =B11 -> 10
A12: ALVIN ANTONIO SALDAÑA MUÑOZ | B12: 11 | C12: {=_xlfn.TEXTSPLIT(A12," ")} -> #NAME? | D12: #NAME? | E12: #NAME? | F12: #NAME? | I12: =COUNTA(C12:H12) -> 4 | J12: =IF(I12<5,1,0) -> 1 | K12: =LOWER(TRIM(C12)) -> #NAME? | L12: =LOWER(TRIM(E12)) -> #NAME? | M12: =IFERROR(IF(J12=1,_xlfn.CONCAT(L12,", ",K12)),0) -> 0 | N12: saldana, alvin | O12: =B12 -> 11
A13: AMAYA PAULINA ÁLVEZ MARIN | B13: 12 | C13: {=_xlfn.TEXTSPLIT(A13," ")} -> #NAME? | D13: #NAME? | E13: #NAME? | F13: #NAME? | I13: =COUNTA(C13:H13) -> 4 | J13: =IF(I13<5,1,0) -> 1 | K13: =LOWER(TRIM(C13)) -> #NAME? | L13: =LOWER(TRIM(E13)) -> #NAME? | M13: =IFERROR(IF(J13=1,_xlfn.CONCAT(L13,", ",K13)),0) -> 0 | N13: alvez, amaya | O13: =B13 -> 12
A14: ANDRÉS NORBERTO CRUZ CARRASCO | B14: 13 | C14: {=_xlfn.TEXTSPLIT(A14," ")} -> #NAME? | D14: #NAME? | E14: #NAME? | F14: #NAME? | I14: =COUNTA(C14:H14) -> 4 | J14: =IF(I14<5,1,0) -> 1 | K14: =LOWER(TRIM(C14)) -> #NAME? | L14: =LOWER(TRIM(E14)) -> #NAME? | M14: =IFERROR(IF(J14=1,_xlfn.CONCAT(L14,", ",K14)),0) -> 0 | N14: cruz, andres | O14: =B14 -> 13
A15: AURORA GENOVEVA DELGADO VERGARA | B15: 14 | C15: {=_xlfn.TEXTSPLIT(A15," ")} -> #NAME? | D15: #NAME? | E15: #NAME? | F15: #NAME? | I15: =COUNTA(C15:H15) -> 4 | J15: =IF(I15<5,1,0) -> 1 | K15: =LOWER(TRIM(C15)) -> #NAME? | L15: =LOWER(TRIM(E15)) -> #NAME? | M15: =IFERROR(IF(J15=1,_xlfn.CONCAT(L15,", ",K15)),0) -> 0 | N15: delgado, aurora | O15: =B15 -> 14
A16: BÁRBARA ALEJANDRA REBOLLEDO AGUIRRE | B16: 15 | C16: {=_xlfn.TEXTSPLIT(A16," ")} -> #NAME? | D16: #NAME? | E16: #NAME? | F16: #NAME? | I16: =COUNTA(C16:H16) -> 4 | J16: =IF(I16<5,1,0) -> 1 | K16: =LOWER(TRIM(C16)) -> #NAME? | L16: =LOWER(TRIM(E16)) -> #NAME? | M16: =IFERROR(IF(J16=1,_xlfn.CONCAT(L16,", ",K16)),0) -> 0 | N16: rebolledo, barbara | O16: =B16 -> 15
A17: BÁRBARA SEPÚLVEDA HALES | B17: 16 | C17: BÁRBARA | D17: SEPÚLVEDA | E17: SEPÚLVEDA | F17: HALES | I17: =COUNTA(C17:H17) -> 4 | J17: =IF(I17<5,1,0) -> 1 | K17: =LOWER(TRIM(C17)) -> bárbara | L17: =LOWER(TRIM(E17)) -> sepúlveda | M17: =IFERROR(IF(J17=1,_xlfn.CONCAT(L17,", ",K17)),0) -> 0 | N17: sepulveda, barbara | O17: =B17 -> 16
A18: BASTIÁN ESTEBAN LABBÉ SALAZAR | B18: 17 | C18: {=_xlfn.TEXTSPLIT(A18," ")} -> #NAME? | D18: #NAME? | E18: #NAME? | F18: #NAME? | I18: =COUNTA(C18:H18) -> 4 | J18: =IF(I18<5,1,0) -> 1 | K18: =LOWER(TRIM(C18)) -> #NAME? | L18: =LOWER(TRIM(E18)) -> #NAME? | M18: =IFERROR(IF(J18=1,_xlfn.CONCAT(L18,", ",K18)),0) -> 0 | N18: labbe, bastian | O18: =B18 -> 17
A19: BEATRIZ DE JESUS SÁNCHEZ MUÑOZ | B19: 18 | C19: BEATRIZ | D19: DE | E19: SÁNCHEZ | F19: MUÑOZ | I19: =COUNTA(C19:H19) -> 4 | J19: =IF(I19<5,1,0) -> 1 | K19: =LOWER(TRIM(C19)) -> beatriz | L19: =LOWER(TRIM(E19)) -> sánchez | M19: =IFERROR(IF(J19=1,_xlfn.CONCAT(L19,", ",K19)),0) -> 0 | N19: sanchez, beatriz | O19: =B19 -> 18
A20: BENITO JOSE BARANDA FERRAN | B20: 19 | C20: {=_xlfn.TEXTSPLIT(A20," ")} -> #NAME? | D20: #NAME? | E20: #NAME? | F20: #NAME? | I20: =COUNTA(C20:H20) -> 4 | J20: =IF(I20<5,1,0) -> 1 | K20: =LOWER(TRIM(C20)) -> #NAME? | L20: =LOWER(TRIM(E20)) -> #NAME? | M20: =IFERROR(IF(J20=1,_xlfn.CONCAT(L20,", ",K20)),0) -> 0 | N20: baranda, benito | O20: =B20 -> 19
A21: BERNARDO ARTURO DE LA MAZA BAÑADOS | B21: 20 | C21: BERNARDO | D21: ARTURO | E21: DE LA MAZA | F21: BAÑADOS | I21: =COUNTA(C21:G21) -> 4 | J21: =IF(I21<5,1,0) -> 1 | K21: =LOWER(TRIM(C21)) -> bernardo | L21: =LOWER(TRIM(E21)) -> de la maza | M21: =IFERROR(IF(J21=1,_xlfn.CONCAT(L21,", ",K21)),0) -> 0 | N21: de la maza, bernardo | O21: =B21 -> 20
A22: BERNARDO FONTAINE TALAVERA | B22: 21 | C22: BERNARDO | D22: FONTAINE | E22: FONTAINE | F22: TALAVERA | I22: =COUNTA(C22:H22) -> 4 | J22: =IF(I22<5,1,0) -> 1 | K22: =LOWER(TRIM(C22)) -> bernardo | L22: =LOWER(TRIM(E22)) -> fontaine | M22: =IFERROR(IF(J22=1,_xlfn.CONCAT(L22,", ",K22)),0) -> 0 | N22: fontaine, bernardo | O22: =B22 -> 21
A23: BESSY MIREYA DEL ROSARIO GALLARDO PRADO | B23: 22 | C23: BESSY | D23: MIREYA | E23: GALLARDO | F23: PRADO | I23: =COUNTA(C23:H23) -> 4 | J23: =IF(I23<5,1,0) -> 1 | K23: =LOWER(TRIM(C23)) -> bessy | L23: =LOWER(TRIM(E23)) -> gallardo | M23: =IFERROR(IF(J23=1,_xlfn.CONCAT(L23,", ",K23)),0) -> 0 | N23: gallardo, bessy | O23: =B23 -> 22
A24: CAMILA IGNACIA ZÁRATE ZÁRATE | B24: 23 | C24: {=_xlfn.TEXTSPLIT(A24," ")} -> #NAME? | D24: #NAME? | E24: #NAME? | F24: #NAME? | I24: =COUNTA(C24:H24) -> 4 | J24: =IF(I24<5,1,0) -> 1 | K24: =LOWER(TRIM(C24)) -> #NAME? | L24: =LOWER(TRIM(E24)) -> #NAME? | M24: =IFERROR(IF(J24=1,_xlfn.CONCAT(L24,", ",K24)),0) -> 0 | N24: zarate, camila | O24: =B24 -> 23
A25: CARLOS MANUEL CALVO MUÑOZ | B25: 24 | C25: {=_xlfn.TEXTSPLIT(A25," ")} -> #NAME? | D25: #NAME? | E25: #NAME? | F25: #NAME? | I25: =COUNTA(C25:H25) -> 4 | J25: =IF(I25<5,1,0) -> 1 | K25: =LOWER(TRIM(C25)) -> #NAME? | L25: =LOWER(TRIM(E25)) -> #NAME? | M25: =IFERROR(IF(J25=1,_xlfn.CONCAT(L25,", ",K25)),0) -> 0 | N25: calvo, carlos | O25: =B25 -> 24
A26: CARLOS MARTÍN ARRAU GARCÍA-HUIDOBRO | B26: 25 | C26: MARTÍN | D26: MARTÍN | E26: ARRAU | F26: GARCÍA-HUIDOBRO | I26: =COUNTA(C26:H26) -> 4 | J26: =IF(I26<5,1,0) -> 1 | K26: =LOWER(TRIM(C26)) -> martín | L26: =LOWER(TRIM(E26)) -> arrau | M26: =IFERROR(IF(J26=1,_xlfn.CONCAT(L26,", ",K26)),0) -> 0 | N26: arrau, martin | O26: =B26 -> 25
A27: CAROL CECILIA BOWN SEPÚLVEDA | B27: 26 | C27: {=_xlfn.TEXTSPLIT(A27," ")} -> #NAME? | D27: #NAME? | E27: #NAME? | F27: #NAME? | I27: =COUNTA(C27:H27) -> 4 | J27: =IF(I27<5,1,0) -> 1 | K27: =LOWER(TRIM(C27)) -> #NAME? | L27: =LOWER(TRIM(E27)) -> #NAME? | M27: =IFERROR(IF(J27=1,_xlfn.CONCAT(L27,", ",K27)),0) -> 0 | N27: bown, carol | O27: =B27 -> 26
A28: CAROLINA ANDREA SEPÚLVEDA SEPÚLVEDA | B28: 27 | C28: {=_xlfn.TEXTSPLIT(A28," ")} -> #NAME? | D28: #NAME? | E28: #NAME? | F28: #NAME? | I28: =COUNTA(C28:H28) -> 4 | J28: =IF(I28<5,1,0) -> 1 | K28: =LOWER(TRIM(C28)) -> #NAME? | L28: =LOWER(TRIM(E28)) -> #NAME? | M28: =IFERROR(IF(J28=1,_xlfn.CONCAT(L28,", ",K28)),0) -> 0 | N28: sepulveda, carolina | O28: =B28 -> 27
A29: CAROLINA CYNTIA VILCHES FUENZALIDA | B29: 28 | C29: {=_xlfn.TEXTSPLIT(A29," ")} -> #NAME? | D29: #NAME? | E29: #NAME? | F29: #NAME? | I29: =COUNTA(C29:H29) -> 4 | J29: =IF(I29<5,1,0) -> 1 | K29: =LOWER(TRIM(C29)) -> #NAME? | L29: =LOWER(TRIM(E29)) -> #NAME? | M29: =IFERROR(IF(J29=1,_xlfn.CONCAT(L29,", ",K29)),0) -> 0 | N29: vilches, carolina | O29: =B29 -> 28
A30: CAROLINA ELIANA VIDELA OSORIO | B30: 29 | C30: {=_xlfn.TEXTSPLIT(A30," ")} -> #NAME? | D30: #NAME? | E30: #NAME? | F30: #NAME? | I30: =COUNTA(C30:H30) -> 4 | J30: =IF(I30<5,1,0) -> 1 | K30: =LOWER(TRIM(C30)) -> #NAME? | L30: =LOWER(TRIM(E30)) -> #NAME? | M30: =IFERROR(IF(J30=1,_xlfn.CONCAT(L30,", ",K30)),0) -> 0 | N30: videla, carolina | O30: =B30 -> 29
A31: CÉSAR IGNACIO VALENZUELA MAASS | B31: 30 | C31: {=_xlfn.TEXTSPLIT(A31," ")} -> #NAME? | D31: #NAME? | E31: #NAME? | F31: #NAME? | I31: =COUNTA(C31:H31) -> 4 | J31: =IF(I31<5,1,0) -> 1 | K31: =LOWER(TRIM(C31)) -> #NAME? | L31: =LOWER(TRIM(E31)) -> #NAME? | M31: =IFERROR(IF(J31=1,_xlfn.CONCAT(L31,", ",K31)),0) -> 0 | N31: valenzuela, cesar | O31: =B31 -> 30
A32: CÉSAR RODRIGO URIBE ARAYA | B32: 31 | C32: {=_xlfn.TEXTSPLIT(A32," ")} -> #NAME? | D32: #NAME? | E32: #NAME? | F32: #NAME? | I32: =COUNTA(C32:H32) -> 4 | J32: =IF(I32<5,1,0) -> 1 | K32: =LOWER(TRIM(C32)) -> #NAME? | L32: =LOWER(TRIM(E32)) -> #NAME? | M32: =IFERROR(IF(J32=1,_xlfn.CONCAT(L32,", ",K32)),0) -> 0 | N32: uribe, cesar | O32: =B32 -> 31
A33: CHRISTIAN PABLO VIERA ALVAREZ | B33: 32 | C33: {=_xlfn.TEXTSPLIT(A33," ")} -> #NAME? | D33: #NAME? | E33: #NAME? | F33: #NAME? | I33: =COUNTA(C33:H33) -> 4 | J33: =IF(I33<5,1,0) -> 1 | K33: =LOWER(TRIM(C33)) -> #NAME? | L33: =LOWER(TRIM(E33)) -> #NAME? | M33: =IFERROR(IF(J33=1,_xlfn.CONCAT(L33,", ",K33)),0) -> 0 | N33: viera, christian | O33: =B33 -> 32
A34: CLAUDIA MABEL CASTRO GUTIÉRREZ | B34: 33 | C34: {=_xlfn.TEXTSPLIT(A34," ")} -> #NAME? | D34: #NAME? | E34: #NAME? | F34: #NAME? | I34: =COUNTA(C34:H34) -> 4 | J34: =IF(I34<5,1,0) -> 1 | K34: =LOWER(TRIM(C34)) -> #NAME? | L34: =LOWER(TRIM(E34)) -> #NAME? | M34: =IFERROR(IF(J34=1,_xlfn.CONCAT(L34,", ",K34)),0) -> 0 | N34: castro, claudia | O34: =B34 -> 33
A35: CLAUDIA MARGARITA LETELIER CORTÉS | B35: 34 | C35: MARGARITA | D35: MARGARITA | E35: LETELIER | F35: CORTÉS | I35: =COUNTA(C35:H35) -> 4 | J35: =IF(I35<5,1,0) -> 1 | K35: =LOWER(TRIM(C35)) -> margarita | L35: =LOWER(TRIM(E35)) -> letelier | M35: =IFERROR(IF(J35=1,_xlfn.CONCAT(L35,", ",K35)),0) -> 0 | N35: letelier, margarita | O35: =B35 -> 34
A36: CLAUDIO FRANCISCO GÓMEZ CASTRO | B36: 35 | C36: {=_xlfn.TEXTSPLIT(A36," ")} -> #NAME? | D36: #NAME? | E36: #NAME? | F36: #NAME? | I36: =COUNTA(C36:H36) -> 4 | J36: =IF(I36<5,1,0) -> 1 | K36: =LOWER(TRIM(C36)) -> #NAME? | L36: =LOWER(TRIM(E36)) -> #NAME? | M36: =IFERROR(IF(J36=1,_xlfn.CONCAT(L36,", ",K36)),0) -> 0 | N36: gomez, claudio | O36: =B36 -> 35
A37: CONSTANZA ANDREA SAN JUAN STANDEN | B37: 36 | C37: CONSTANZA | D37: ANDREA | E37: SAN JUAN | F37: STANDEN | I37: =COUNTA(C37:H37) -> 4 | J37: =IF(I37<5,1,0) -> 1 | K37: =LOWER(TRIM(C37)) -> constanza | L37: =LOWER(TRIM(E37)) -> san juan | M37: =IFERROR(IF(J37=1,_xlfn.CONCAT(L37,", ",K37)),0) -> 0 | N37: san juan, constanza | O37: =B37 -> 36
A38: CONSTANZA GABRIELA SCHONHAUT SOTO | B38: 37 | C38: {=_xlfn.TEXTSPLIT(A38," ")} -> #NAME? | D38: #NAME? | E38: #NAME? | F38: #NAME? | I38: =COUNTA(C38:H38) -> 4 | J38: =IF(I38<5,1,0) -> 1 | K38: =LOWER(TRIM(C38)) -> #NAME? | L38: =LOWER(TRIM(E38)) -> #NAME? | M38: =IFERROR(IF(J38=1,_xlfn.CONCAT(L38,", ",K38)),0) -> 0 | N38: schonhaut, constanza | O38: =B38 -> 37
A39: CONSTANZA VERÓNICA HUBE PORTUS | B39: 38 | C39: {=_xlfn.TEXTSPLIT(A39," ")} -> #NAME? | D39: #NAME? | E39: #NAME? | F39: #NAME? | I39: =COUNTA(C39:H39) -> 4 | J39: =IF(I39<5,1,0) -> 1 | K39: =LOWER(TRIM(C39)) -> #NAME? | L39: =LOWER(TRIM(E39)) -> #NAME? | M39: =IFERROR(IF(J39=1,_xlfn.CONCAT(L39,", ",K39)),0) -> 0 | N39: hube, constanza | O39: =B39 -> 38
A40: CRISTIÁN MONCKEBERG BRUNER | B40: 39 | C40: CRISTIÁN | D40: MONCKEBERG | E40: MONCKEBERG | F40: BRUNER | I40: =COUNTA(C40:H40) -> 4 | J40: =IF(I40<5,1,0) -> 1 | K40: =LOWER(TRIM(C40)) -> cristián | L40: =LOWER(TRIM(E40)) -> monckeberg | M40: =IFERROR(IF(J40=1,_xlfn.CONCAT(L40,", ",K40)),0) -> 0 | N40: monckeberg, cristian | O40: =B40 -> 39
A41: CRISTINA INÉS DORADOR ORTIZ | B41: 40 | C41: {=_xlfn.TEXTSPLIT(A41," ")} -> #NAME? | D41: #NAME? | E41: #NAME? | F41: #NAME? | I41: =COUNTA(C41:H41) -> 4 | J41: =IF(I41<5,1,0) -> 1 | K41: =LOWER(TRIM(C41)) -> #NAME? | L41: =LOWER(TRIM(E41)) -> #NAME? | M41: =IFERROR(IF(J41=1,_xlfn.CONCAT(L41,", ",K41)),0) -> 0 | N41: dorador, cristina | O41: =B41 -> 40
A42: CRISTÓBAL PATRICIO ANDRADE LEÓN | B42: 41 | C42: {=_xlfn.TEXTSPLIT(A42," ")} -> #NAME? | D42: #NAME? | E42: #NAME? | F42: #NAME? | I42: =COUNTA(C42:H42) -> 4 | J42: =IF(I42<5,1,0) -> 1 | K42: =LOWER(TRIM(C42)) -> #NAME? | L42: =LOWER(TRIM(E42)) -> #NAME? | M42: =IFERROR(IF(J42=1,_xlfn.CONCAT(L42,", ",K42)),0) -> 0 | N42: andrade, cristobal | O42: =B42 -> 41
A43: DAMARIS DANIELA GONZÁLEZ ABARCA | B43: 42 | C43: DAMARIS | D43: GONZÁLEZ | E43: ABARCA | F43: ABARCA | I43: =COUNTA(C43:H43) -> 4 | J43: =IF(I43<5,1,0) -> 1 | K43: =LOWER(TRIM(C43)) -> damaris | L43: =LOWER(TRIM(E43)) -> abarca | M43: =IFERROR(IF(J43=1,_xlfn.CONCAT(L43,", ",K43)),0) -> 0 | N43: abarca, damaris | O43: =B43 -> 42
A44: DANIEL ALEJANDRO BRAVO SILVA | B44: 43 | C44: {=_xlfn.TEXTSPLIT(A44," ")} -> #NAME? | D44: #NAME? | E44: #NAME? | F44: #NAME? | I44: =COUNTA(C44:H44) -> 4 | J44: =IF(I44<5,1,0) -> 1 | K44: =LOWER(TRIM(C44)) -> #NAME? | L44: =LOWER(TRIM(E44)) -> #NAME? | M44: =IFERROR(IF(J44=1,_xlfn.CONCAT(L44,", ",K44)),0) -> 0 | N44: bravo, daniel | O44: =B44 -> 43
A45: DANIEL RODRIGO STINGO CAMUS | B45: 44 | C45: {=_xlfn.TEXTSPLIT(A45," ")} -> #NAME? | D45: #NAME? | E45: #NAME? | F45: #NAME? | I45: =COUNTA(C45:H45) -> 4 | J45: =IF(I45<5,1,0) -> 1 | K45: =LOWER(TRIM(C45)) -> #NAME? | L45: =LOWER(TRIM(E45)) -> #NAME? | M45: =IFERROR(IF(J45=1,_xlfn.CONCAT(L45,", ",K45)),0) -> 0 | N45: stingo, daniel | O45: =B45 -> 44
A46: DAYYANA ALEJANDRA GONZÁLEZ ARAYA | B46: 45 | C46: {=_xlfn.TEXTSPLIT(A46," ")} -> #NAME? | D46: #NAME? | E46: #NAME? | F46: #NAME? | I46: =COUNTA(C46:H46) -> 4 | J46: =IF(I46<5,1,0) -> 1 | K46: =LOWER(TRIM(C46)) -> #NAME? | L46: =LOWER(TRIM(E46)) -> #NAME? | M46: =IFERROR(IF(J46=1,_xlfn.CONCAT(L46,", ",K46)),0) -> 0 | N46: gonzalez, dayyana | O46: =B46 -> 45
A47: EDUARDO ANDRÉS CRETTON REBOLLEDO | B47: 46 | C47: {=_xlfn.TEXTSPLIT(A47," ")} -> #NAME? | D47: #NAME? | E47: #NAME? | F47: #NAME? | I47: =COUNTA(C47:H47) -> 4 | J47: =IF(I47<5,1,0) -> 1 | K47: =LOWER(TRIM(C47)) -> #NAME? | L47: =LOWER(TRIM(E47)) -> #NAME? | M47: =IFERROR(IF(J47=1,_xlfn.CONCAT(L47,", ",K47)),0) -> 0 | N47: cretton, eduardo | O47: =B47 -> 46
A48: EDUARDO GUILLERMO CASTILLO VIGOUROUX | B48: 47 | C48: {=_xlfn.TEXTSPLIT(A48," ")} -> #NAME? | D48: #NAME? | E48: #NAME? | F48: #NAME? | I48: =COUNTA(C48:H48) -> 4 | J48: =IF(I48<5,1,0) -> 1 | K48: =LOWER(TRIM(C48)) -> #NAME? | L48: =LOWER(TRIM(E48)) -> #NAME? | M48: =IFERROR(IF(J48=1,_xlfn.CONCAT(L48,", ",K48)),0) -> 0 | N48: castillo, eduardo | O48: =B48 -> 47
A49: ELISA AMANDA GIUSTINIANOVICH CAMPOS | B49: 48 | C49: {=_xlfn.TEXTSPLIT(A49," ")} -> #NAME? | D49: #NAME? | E49: #NAME? | F49: #NAME? | I49: =COUNTA(C49:H49) -> 4 | J49: =IF(I49<5,1,0) -> 1 | K49: =LOWER(TRIM(C49)) -> #NAME? | L49: =LOWER(TRIM(E49)) -> #NAME? | M49: =IFERROR(IF(J49=1,_xlfn.CONCAT(L49,", ",K49)),0) -> 0 | N49: giustinianovich, elisa | O49: =B49 -> 48
A50: ELISA DEL CARMEN LONCÓN ANTILEO | B50: 49 | C50: ELISA | D50: DEL | E50: LONCÓN | F50: ANTILEO | I50: =COUNTA(C50:H50) -> 4 | J50: =IF(I50<5,1,0) -> 1 | K50: =LOWER(TRIM(C50)) -> elisa | L50: =LOWER(TRIM(E50)) -> loncón | M50: =IFERROR(IF(J50=1,_xlfn.CONCAT(L50,", ",K50)),0) -> 0 | N50: loncon, elisa | O50: =B50 -> 49
A51: ELSA CAROLINA LABRAÑA PINO | B51: 50 | C51: {=_xlfn.TEXTSPLIT(A51," ")} -> #NAME? | D51: #NAME? | E51: #NAME? | F51: #NAME? | I51: =COUNTA(C51:H51) -> 4 | J51: =IF(I51<5,1,0) -> 1 | K51: =LOWER(TRIM(C51)) -> #NAME? | L51: =LOWER(TRIM(E51)) -> #NAME? | M51: =IFERROR(IF(J51=1,_xlfn.CONCAT(L51,", ",K51)),0) -> 0 | N51: labrana, elsa | O51: =B51 -> 50
A52: ERIC JOHANNY CHINGA FERREIRA | B52: 51 | C52: {=_xlfn.TEXTSPLIT(A52," ")} -> #NAME? | D52: #NAME? | E52: #NAME? | F52: #NAME? | I52: =COUNTA(C52:H52) -> 4 | J52: =IF(I52<5,1,0) -> 1 | K52: =LOWER(TRIM(C52)) -> #NAME? | L52: =LOWER(TRIM(E52)) -> #NAME? | M52: =IFERROR(IF(J52=1,_xlfn.CONCAT(L52,", ",K52)),0) -> 0 | N52: chinga, eric | O52: =B52 -> 51
A53: ERICKA NATALIA PORTILLA BARRIOS | B53: 52 | C53: {=_xlfn.TEXTSPLIT(A53," ")} -> #NAME? | D53: #NAME? | E53: #NAME? | F53: #NAME? | I53: =COUNTA(C53:H53) -> 4 | J53: =IF(I53<5,1,0) -> 1 | K53: =LOWER(TRIM(C53)) -> #NAME? | L53: =LOWER(TRIM(E53)) -> #NAME? | M53: =IFERROR(IF(J53=1,_xlfn.CONCAT(L53,", ",K53)),0) -> 0 | N53: portilla, ericka | O53: =B53 -> 52
A54: FELIPE HARBOE BASCUÑAN | B54: 53 | C54: FELIPE | D54: HARBOE | E54: HARBOE | F54: BASCUÑAN | I54: =COUNTA(C54:H54) -> 4 | J54: =IF(I54<5,1,0) -> 1 | K54: =LOWER(TRIM(C54)) -> felipe | L54: =LOWER(TRIM(E54)) -> harboe | M54: =IFERROR(IF(J54=1,_xlfn.CONCAT(L54,", ",K54)),0) -> 0 | N54: harboe, felipe | O54: =B54 -> 53
A55: FELIPE IGNACIO MENA VILLAR | B55: 54 | C55: {=_xlfn.TEXTSPLIT(A55," ")} -> #NAME? | D55: #NAME? | E55: #NAME? | F55: #NAME? | I55: =COUNTA(C55:H55) -> 4 | J55: =IF(I55<5,1,0) -> 1 | K55: =LOWER(TRIM(C55)) -> #NAME? | L55: =LOWER(TRIM(E55)) -> #NAME? | M55: =IFERROR(IF(J55=1,_xlfn.CONCAT(L55,", ",K55)),0) -> 0 | N55: mena, felipe | O55: =B55 -> 54
A56: FÉLIX RAMÓN GALLEGUILLOS AYMANI | B56: 55 | C56: {=_xlfn.TEXTSPLIT(A56," ")} -> #NAME? | D56: #NAME? | E56: #NAME? | F56: #NAME? | I56: =COUNTA(C56:H56) -> 4 | J56: =IF(I56<5,1,0) -> 1 | K56: =LOWER(TRIM(C56)) -> #NAME? | L56: =LOWER(TRIM(E56)) -> #NAME? | M56: =IFERROR(IF(J56=1,_xlfn.CONCAT(L56,", ",K56)),0) -> 0 | N56: galleguillos, felix | O56: =B56 -> 55
A57: FERNANDO ATRIA LEMAITRE | B57: 56 | C57: FERNANDO | D57: ATRIA | E57: ATRIA | F57: LEMAITRE | I57: =COUNTA(C57:H57) -> 4 | J57: =IF(I57<5,1,0) -> 1 | K57: =LOWER(TRIM(C57)) -> fernando | L57: =LOWER(TRIM(E57)) -> atria | M57: =IFERROR(IF(J57=1,_xlfn.CONCAT(L57,", ",K57)),0) -> 0 | N57: atria, fernando | O57: =B57 -> 56
A58: FERNANDO CARLOS SALINAS MANFREDINI | B58: 57 | C58: {=_xlfn.TEXTSPLIT(A58," ")} -> #NAME? | D58: #NAME? | E58: #NAME? | F58: #NAME? | I58: =COUNTA(C58:H58) -> 4 | J58: =IF(I58<5,1,0) -> 1 | K58: =LOWER(TRIM(C58)) -> #NAME? | L58: =LOWER(TRIM(E58)) -> #NAME? | M58: =IFERROR(IF(J58=1,_xlfn.CONCAT(L58,", ",K58)),0) -> 0 | N58: salinas, fernando | O58: =B58 -> 57
A59: FERNANDO DEL CARMEN TIRADO SOTO | B59: 58 | C59: FERNANDO | D59: DEL CARMEN | E59: TIRADO | F59: SOTO | I59: =COUNTA(C59:H59) -> 4 | J59: =IF(I59<5,1,0) -> 1 | K59: =LOWER(TRIM(C59)) -> fernando | L59: =LOWER(TRIM(E59)) -> tirado | M59: =IFERROR(IF(J59=1,_xlfn.CONCAT(L59,", ",K59)),0) -> 0 | N59: tirado, fernando | O59: =B59 -> 58
A60: FRANCISCA LINCONAO HUIRCAPÁN | B60: 59 | C60: FRANCISCA | D60: LINCONAO | E60: LINCONAO | F60: HUIRCAPÁN | I60: =COUNTA(C60:H60) -> 4 | J60: =IF(I60<5,1,0) -> 1 | K60: =LOWER(TRIM(C60)) -> francisca | L60: =LOWER(TRIM(E60)) -> linconao | M60: =IFERROR(IF(J60=1,_xlfn.CONCAT(L60,", ",K60)),0) -> 0 | N60: linconao, francisca | O60: =B60 -> 59
A61: FRANCISCA MARYCARMEN ARAUNA URRUTIA | B61: 60 | C61: {=_xlfn.TEXTSPLIT(A61," ")} -> #NAME? | D61: #NAME? | E61: #NAME? | F61: #NAME? | I61: =COUNTA(C61:H61) -> 4 | J61: =IF(I61<5,1,0) -> 1 | K61: =LOWER(TRIM(C61)) -> #NAME? | L61: =LOWER(TRIM(E61)) -> #NAME? | M61: =IFERROR(IF(J61=1,_xlfn.CONCAT(L61,", ",K61)),0) -> 0 | N61: arauna, francisca | O61: =B61 -> 60
A62: FRANCISCO JAVIER CAAMAÑO ROJAS | B62: 61 | C62: {=_xlfn.TEXTSPLIT(A62," ")} -> #NAME? | D62: #NAME? | E62: #NAME? | F62: #NAME? | I62: =COUNTA(C62:H62) -> 4 | J62: =IF(I62<5,1,0) -> 1 | K62: =LOWER(TRIM(C62)) -> #NAME? | L62: =LOWER(TRIM(E62)) -> #NAME? | M62: =IFERROR(IF(J62=1,_xlfn.CONCAT(L62,", ",K62)),0) -> 0 | N62: caamano, francisco | O62: =B62 -> 61
A63: FUAD EDUARDO CHAHIN VALENZUELA | B63: 62 | C63: {=_xlfn.TEXTSPLIT(A63," ")} -> #NAME? | D63: #NAME? | E63: #NAME? | F63: #NAME? | I63: =COUNTA(C63:H63) -> 4 | J63: =IF(I63<5,1,0) -> 1 | K63: =LOWER(TRIM(C63)) -> #NAME? | L63: =LOWER(TRIM(E63)) -> #NAME? | M63: =IFERROR(IF(J63=1,_xlfn.CONCAT(L63,", ",K63)),0) -> 0 | N63: chahin, fuad | O63: =B63 -> 62
A64: GASPAR ROBERTO DOMÍNGUEZ DONOSO | B64: 63 | C64: {=_xlfn.TEXTSPLIT(A64," ")} -> #NAME? | D64: #NAME? | E64: #NAME? | F64: #NAME? | I64: =COUNTA(C64:H64) -> 4 | J64: =IF(I64<5,1,0) -> 1 | K64: =LOWER(TRIM(C64)) -> #NAME? | L64: =LOWER(TRIM(E64)) -> #NAME? | M64: =IFERROR(IF(J64=1,_xlfn.CONCAT(L64,", ",K64)),0) -> 0 | N64: dominguez, gaspar | O64: =B64 -> 63
A65: GEOCONDA ELVIRA NAVARRETE ARRATIA | B65: 64 | C65: {=_xlfn.TEXTSPLIT(A65," ")} -> #NAME? | D65: #NAME? | E65: #NAME? | F65: #NAME? | I65: =COUNTA(C65:H65) -> 4 | J65: =IF(I65<5,1,0) -> 1 | K65: =LOWER(TRIM(C65)) -> #NAME? | L65: =LOWER(TRIM(E65)) -> #NAME? | M65: =IFERROR(IF(J65=1,_xlfn.CONCAT(L65,", ",K65)),0) -> 0 | N65: navarrete, geoconda | O65: =B65 -> 64
A66: GIOVANNA ÁNGELA ROA CADIN | B66: 65 | C66: {=_xlfn.TEXTSPLIT(A66," ")} -> #NAME? | D66: #NAME? | E66: #NAME? | F66: #NAME? | I66: =COUNTA(C66:H66) -> 4 | J66: =IF(I66<5,1,0) -> 1 | K66: =LOWER(TRIM(C66)) -> #NAME? | L66: =LOWER(TRIM(E66)) -> #NAME? | M66: =IFERROR(IF(J66=1,_xlfn.CONCAT(L66,", ",K66)),0) -> 0 | N66: roa, giovanna | O66: =B66 -> 65
A67: GIOVANNA JAZMIN GRANDON CARO | B67: 66 | C67: {=_xlfn.TEXTSPLIT(A67," ")} -> #NAME? | D67: #NAME? | E67: #NAME? | F67: #NAME? | I67: =COUNTA(C67:H67) -> 4 | J67: =IF(I67<5,1,0) -> 1 | K67: =LOWER(TRIM(C67)) -> #NAME? | L67: =LOWER(TRIM(E67)) -> #NAME? | M67: =IFERROR(IF(J67=1,_xlfn.CONCAT(L67,", ",K67)),0) -> 0 | N67: grandon, giovanna | O67: =B67 -> 66
A68: GLORIA DEL TRÁNSITO ALVARADO JORQUERA | B68: 67 | C68: GLORIA | D68: DEL TRÁNSITO | E68: ALVARADO | F68: JORQUERA | I68: =COUNTA(C68:H68) -> 4 | J68: =IF(I68<5,1,0) -> 1 | K68: =LOWER(TRIM(C68)) -> gloria | L68: =LOWER(TRIM(E68)) -> alvarado | M68: =IFERROR(IF(J68=1,_xlfn.CONCAT(L68,", ",K68)),0) -> 0 | N68: alvarado, gloria | O68: =B68 -> 67
A69: GUILLERMO NICOLÁS NAMOR KONG | B69: 68 | C69: {=_xlfn.TEXTSPLIT(A69," ")} -> #NAME? | D69: #NAME? | E69: #NAME? | F69: #NAME? | I69: =COUNTA(C69:H69) -> 4 | J69: =IF(I69<5,1,0) -> 1 | K69: =LOWER(TRIM(C69)) -> #NAME? | L69: =LOWER(TRIM(E69)) -> #NAME? | M69: =IFERROR(IF(J69=1,_xlfn.CONCAT(L69,", ",K69)),0) -> 0 | N69: namor, guillermo | O69: =B69 -> 68
A70: HARRY ROLANDO JURGENSEN CAESAR | B70: 69 | C70: {=_xlfn.TEXTSPLIT(A70," ")} -> #NAME? | D70: #NAME? | E70: #NAME? | F70: #NAME? | I70: =COUNTA(C70:H70) -> 4 | J70: =IF(I70<5,1,0) -> 1 | K70: =LOWER(TRIM(C70)) -> #NAME? | L70: =LOWER(TRIM(E70)) -> #NAME? | M70: =IFERROR(IF(J70=1,_xlfn.CONCAT(L70,", ",K70)),0) -> 0 | N70: jurgensen, harry | O70: =B70 -> 69
A71: HELMUTH JACOBO MARTÍNEZ LLANCAPAN | B71: 70 | C71: {=_xlfn.TEXTSPLIT(A71," ")} -> #NAME? | D71: #NAME? | E71: #NAME? | F71: #NAME? | I71: =COUNTA(C71:H71) -> 4 | J71: =IF(I71<5,1,0) -> 1 | K71: =LOWER(TRIM(C71)) -> #NAME? | L71: =LOWER(TRIM(E71)) -> #NAME? | M71: =IFERROR(IF(J71=1,_xlfn.CONCAT(L71,", ",K71)),0) -> 0 | N71: martinez, helmuth | O71: =B71 -> 70
A72: HERNAN JESÚS VELÁSQUEZ NÚÑEZ | B72: 71 | C72: {=_xlfn.TEXTSPLIT(A72," ")} -> #NAME? | D72: #NAME? | E72: #NAME? | F72: #NAME? | I72: =COUNTA(C72:H72) -> 4 | J72: =IF(I72<5,1,0) -> 1 | K72: =LOWER(TRIM(C72)) -> #NAME? | L72: =LOWER(TRIM(E72)) -> #NAME? | M72: =IFERROR(IF(J72=1,_xlfn.CONCAT(L72,", ",K72)),0) -> 0 | N72: velasquez, hernan | O72: =B72 -> 71
A73: HERNÁN LARRAÍN MATTE | B73: 72 | C73: HERNÁN | D73: LARRAÍN | E73: LARRAÍN | F73: MATTE | I73: =COUNTA(C73:H73) -> 4 | J73: =IF(I73<5,1,0) -> 1 | K73: =LOWER(TRIM(C73)) -> hernán | L73: =LOWER(TRIM(E73)) -> larraín | M73: =IFERROR(IF(J73=1,_xlfn.CONCAT(L73,", ",K73)),0) -> 0 | N73: larrain, hernan | O73: =B73 -> 72
A74: HUGO HUMBERTO GUTIÉRREZ GÁLVEZ | B74: 73 | C74: {=_xlfn.TEXTSPLIT(A74," ")} -> #NAME? | D74: #NAME? | E74: #NAME? | F74: #NAME? | I74: =COUNTA(C74:H74) -> 4 | J74: =IF(I74<5,1,0) -> 1 | K74: =LOWER(TRIM(C74)) -> #NAME? | L74: =LOWER(TRIM(E74)) -> #NAME? | M74: =IFERROR(IF(J74=1,_xlfn.CONCAT(L74,", ",K74)),0) -> 0 | N74: gutierrez, hugo | O74: =B74 -> 73
A75: IGNACIO JAIME ACHURRA DÍAZ | B75: 74 | C75: {=_xlfn.TEXTSPLIT(A75," ")} -> #NAME? | D75: #NAME? | E75: #NAME? | F75: #NAME? | I75: =COUNTA(C75:H75) -> 4 | J75: =IF(I75<5,1,0) -> 1 | K75: =LOWER(TRIM(C75)) -> #NAME? | L75: =LOWER(TRIM(E75)) -> #NAME? | M75: =IFERROR(IF(J75=1,_xlfn.CONCAT(L75,", ",K75)),0) -> 0 | N75: achurra, ignacio | O75: =B75 -> 74
A76: INGRID FERNANDA VILLENA NARBONA | B76: 75 | C76: {=_xlfn.TEXTSPLIT(A76," ")} -> #NAME? | D76: #NAME? | E76: #NAME? | F76: #NAME? | I76: =COUNTA(C76:H76) -> 4 | J76: =IF(I76<5,1,0) -> 1 | K76: =LOWER(TRIM(C76)) -> #NAME? | L76: =LOWER(TRIM(E76)) -> #NAME? | M76: =IFERROR(IF(J76=1,_xlfn.CONCAT(L76,", ",K76)),0) -> 0 | N76: villena, ingrid | O76: =B76 -> 75
A77: ISABEL SELENA GODOY MONARDEZ | B77: 76 | C77: {=_xlfn.TEXTSPLIT(A77," ")} -> #NAME? | D77: #NAME? | E77: #NAME? | F77: #NAME? | I77: =COUNTA(C77:H77) -> 4 | J77: =IF(I77<5,1,0) -> 1 | K77: =LOWER(TRIM(C77)) -> #NAME? | L77: =LOWER(TRIM(E77)) -> #NAME? | M77: =IFERROR(IF(J77=1,_xlfn.CONCAT(L77,", ",K77)),0) -> 0 | N77: godoy, isabel | O77: =B77 -> 76
A78: ISABELLA BRUNILDA MAMANI MAMANI | B78: 77 | C78: {=_xlfn.TEXTSPLIT(A78," ")} -> #NAME? | D78: #NAME? | E78: #NAME? | F78: #NAME? | I78: =COUNTA(C78:H78) -> 4 | J78: =IF(I78<5,1,0) -> 1 | K78: =LOWER(TRIM(C78)) -> #NAME? | L78: =LOWER(TRIM(E78)) -> #NAME? | M78: =IFERROR(IF(J78=1,_xlfn.CONCAT(L78,", ",K78)),0) -> 0 | N78: mamani, isabella | O78: =B78 -> 77
A79: IVANNA DANIELA OLIVARES MIRANDA | B79: 78 | C79: {=_xlfn.TEXTSPLIT(A79," ")} -> #NAME? | D79: #NAME? | E79: #NAME? | F79: #NAME? | I79: =COUNTA(C79:H79) -> 4 | J79: =IF(I79<5,1,0) -> 1 | K79: =LOWER(TRIM(C79)) -> #NAME? | L79: =LOWER(TRIM(E79)) -> #NAME? | M79: =IFERROR(IF(J79=1,_xlfn.CONCAT(L79,", ",K79)),0) -> 0 | N79: olivares, ivanna | O79: =B79 -> 78
A80: JAIME ANDRÉS BASSA MERCADO | B80: 79 | C80: {=_xlfn.TEXTSPLIT(A80," ")} -> #NAME? | D80: #NAME? | E80: #NAME? | F80: #NAME? | I80: =COUNTA(C80:H80) -> 4 | J80: =IF(I80<5,1,0) -> 1 | K80: =LOWER(TRIM(C80)) -> #NAME? | L80: =LOWER(TRIM(E80)) -> #NAME? | M80: =IFERROR(IF(J80=1,_xlfn.CONCAT(L80,", ",K80)),0) -> 0 | N80: bassa, jaime | O80: =B80 -> 79
A81: JANIS JAN DEL CARMEN MENESES PALMA | B81: 80 | C81: JANIS | D81: JAN DEL CARMEN | E81: MENESES | F81: PALMA | I81: =COUNTA(C81:H81) -> 4 | J81: =IF(I81<5,1,0) -> 1 | K81: =LOWER(TRIM(C81)) -> janis | L81: =LOWER(TRIM(E81)) -> meneses | M81: =IFERROR(IF(J81=1,_xlfn.CONCAT(L81,", ",K81)),0) -> 0 | N81: meneses, janis | O81: =B81 -> 80
A82: JAVIER ALEJANDRO FUCHSLOCHER BAEZA | B82: 81 | C82: {=_xlfn.TEXTSPLIT(A82," ")} -> #NAME? | D82: #NAME? | E82: #NAME? | F82: #NAME? | I82: =COUNTA(C82:H82) -> 4 | J82: =IF(I82<5,1,0) -> 1 | K82: =LOWER(TRIM(C82)) -> #NAME? | L82: =LOWER(TRIM(E82)) -> #NAME? | M82: =IFERROR(IF(J82=1,_xlfn.CONCAT(L82,", ",K82)),0) -> 0 | N82: fuchslocher, javier | O82: =B82 -> 81
A83: JENIFFER VALERIA MELLA ESCOBAR | B83: 82 | C83: {=_xlfn.TEXTSPLIT(A83," ")} -> #NAME? | D83: #NAME? | E83: #NAME? | F83: #NAME? | I83: =COUNTA(C83:H83) -> 4 | J83: =IF(I83<5,1,0) -> 1 | K83: =LOWER(TRIM(C83)) -> #NAME? | L83: =LOWER(TRIM(E83)) -> #NAME? | M83: =IFERROR(IF(J83=1,_xlfn.CONCAT(L83,", ",K83)),0) -> 0 | N83: mella, jeniffer | O83: =B83 -> 82
A84: JORGE BRUNO ABARCA RIVEROS | B84: 83 | C84: {=_xlfn.TEXTSPLIT(A84," ")} -> #NAME? | D84: #NAME? | E84: #NAME? | F84: #NAME? | I84: =COUNTA(C84:H84) -> 4 | J84: =IF(I84<5,1,0) -> 1 | K84: =LOWER(TRIM(C84)) -> #NAME? | L84: =LOWER(TRIM(E84)) -> #NAME? | M84: =IFERROR(IF(J84=1,_xlfn.CONCAT(L84,", ",K84)),0) -> 0 | N84: abarca, jorge | O84: =B84 -> 83
A85: JORGE MARCOS BARADIT MORALES | B85: 84 | C85: {=_xlfn.TEXTSPLIT(A85," ")} -> #NAME? | D85: #NAME? | E85: #NAME? | F85: #NAME? | I85: =COUNTA(C85:H85) -> 4 | J85: =IF(I85<5,1,0) -> 1 | K85: =LOWER(TRIM(C85)) -> #NAME? | L85: =LOWER(TRIM(E85)) -> #NAME? | M85: =IFERROR(IF(J85=1,_xlfn.CONCAT(L85,", ",K85)),0) -> 0 | N85: baradit, jorge | O85: =B85 -> 84
A86: JORGE PATRICIO ARANCIBIA REYES | B86: 85 | C86: {=_xlfn.TEXTSPLIT(A86," ")} -> #NAME? | D86: #NAME? | E86: #NAME? | F86: #NAME? | I86: =COUNTA(C86:H86) -> 4 | J86: =IF(I86<5,1,0) -> 1 | K86: =LOWER(TRIM(C86)) -> #NAME? | L86: =LOWER(TRIM(E86)) -> #NAME? | M86: =IFERROR(IF(J86=1,_xlfn.CONCAT(L86,", ",K86)),0) -> 0 | N86: arancibia, jorge | O86: =B86 -> 85
A87: JUAN JOSÉ ANGEL SAN MARTIN BRAVO | B87: 86 | C87: JUAN JOSÉ | D87: JOSÉ | E87: MARTIN | F87: BRAVO | I87: =COUNTA(C87:H87) -> 4 | J87: =IF(I87<5,1,0) -> 1 | K87: =LOWER(TRIM(C87)) -> juan josé | L87: =LOWER(TRIM(E87)) -> martin | M87: =IFERROR(IF(J87=1,_xlfn.CONCAT(L87,", ",K87)),0) -> 0 | N87: martin, juan jose | O87: =B87 -> 86
A88: JULIO JOSE LUIS ALVAREZ PINTO | B88: 87 | C88: JULIO | D88: JOSE | E88: ALVAREZ | F88: PINTO | I88: =COUNTA(C88:H88) -> 4 | J88: =IF(I88<5,1,0) -> 1 | K88: =LOWER(TRIM(C88)) -> julio | L88: =LOWER(TRIM(E88)) -> alvarez | M88: =IFERROR(IF(J88=1,_xlfn.CONCAT(L88,", ",K88)),0) -> 0 | N88: alvarez, julio | O88: =B88 -> 87
A89: KATERINE PRICILA MONTEALEGRE NAVARRO | B89: 88 | C89: {=_xlfn.TEXTSPLIT(A89," ")} -> #NAME? | D89: #NAME? | E89: #NAME? | F89: #NAME? | I89: =COUNTA(C89:H89) -> 4 | J89: =IF(I89<5,1,0) -> 1 | K89: =LOWER(TRIM(C89)) -> #NAME? | L89: =LOWER(TRIM(E89)) -> #NAME? | M89: =IFERROR(IF(J89=1,_xlfn.CONCAT(L89,", ",K89)),0) -> 0 | N89: montealegre, katerine | O89: =B89 -> 88
A90: LIDIA CRISTINA GONZÁLEZ CALDERÓN | B90: 89 | C90: {=_xlfn.TEXTSPLIT(A90," ")} -> #NAME? | D90: #NAME? | E90: #NAME? | F90: #NAME? | I90: =COUNTA(C90:H90) -> 4 | J90: =IF(I90<5,1,0) -> 1 | K90: =LOWER(TRIM(C90)) -> #NAME? | L90: =LOWER(TRIM(E90)) -> #NAME? | M90: =IFERROR(IF(J90=1,_xlfn.CONCAT(L90,", ",K90)),0) -> 0 | N90: gonzalez, lidia | O90: =B90 -> 89
A91: LISETTE LORENA VERGARA RIQUELME | B91: 90 | C91: {=_xlfn.TEXTSPLIT(A91," ")} -> #NAME? | D91: #NAME? | E91: #NAME? | F91: #NAME? | I91: =COUNTA(C91:H91) -> 4 | J91: =IF(I91<5,1,0) -> 1 | K91: =LOWER(TRIM(C91)) -> #NAME? | L91: =LOWER(TRIM(E91)) -> #NAME? | M91: =IFERROR(IF(J91=1,_xlfn.CONCAT(L91,", ",K91)),0) -> 0 | N91: vergara, lisette | O91: =B91 -> 90
A92: LORENA DEL PILAR CESPEDES FERNANDEZ | B92: 91 | C92: LORENA | D92: DEL PILAR | E92: CESPEDES | F92: FERNANDEZ | I92: =COUNTA(C92:H92) -> 4 | J92: =IF(I92<5,1,0) -> 1 | K92: =LOWER(TRIM(C92)) -> lorena | L92: =LOWER(TRIM(E92)) -> cespedes | M92: =IFERROR(IF(J92=1,_xlfn.CONCAT(L92,", ",K92)),0) -> 0 | N92: cespedes, lorena | O92: =B92 -> 91
A93: LORETO CRISTINA VALLEJOS DAVILA | B93: 92 | C93: {=_xlfn.TEXTSPLIT(A93," ")} -> #NAME? | D93: #NAME? | E93: #NAME? | F93: #NAME? | I93: =COUNTA(C93:H93) -> 4 | J93: =IF(I93<5,1,0) -> 1 | K93: =LOWER(TRIM(C93)) -> #NAME? | L93: =LOWER(TRIM(E93)) -> #NAME? | M93: =IFERROR(IF(J93=1,_xlfn.CONCAT(L93,", ",K93)),0) -> 0 | N93: vallejos, loreto | O93: =B93 -> 92
A94: LUCIANO ERNESTO SILVA MORA | B94: 93 | C94: {=_xlfn.TEXTSPLIT(A94," ")} -> #NAME? | D94: #NAME? | E94: #NAME? | F94: #NAME? | I94: =COUNTA(C94:H94) -> 4 | J94: =IF(I94<5,1,0) -> 1 | K94: =LOWER(TRIM(C94)) -> #NAME? | L94: =LOWER(TRIM(E94)) -> #NAME? | M94: =IFERROR(IF(J94=1,_xlfn.CONCAT(L94,", ",K94)),0) -> 0 | N94: silva, luciano | O94: =B94 -> 93
A95: LUIS ALBERTO JIMENEZ CACERES | B95: 94 | C95: {=_xlfn.TEXTSPLIT(A95," ")} -> #NAME? | D95: #NAME? | E95: #NAME? | F95: #NAME? | I95: =COUNTA(C95:H95) -> 4 | J95: =IF(I95<5,1,0) -> 1 | K95: =LOWER(TRIM(C95)) -> #NAME? | L95: =LOWER(TRIM(E95)) -> #NAME? | M95: =IFERROR(IF(J95=1,_xlfn.CONCAT(L95,", ",K95)),0) -> 0 | N95: jimenez, luis | O95: =B95 -> 94
A96: LUIS ALEJANDRO ABEL MAYOL BOUCHON | B96: 95 | C96: LUIS | D96: ALEJANDRO | E96: MAYOL | F96: BOUCHON | I96: =COUNTA(C96:H96) -> 4 | J96: =IF(I96<5,1,0) -> 1 | K96: =LOWER(TRIM(C96)) -> luis | L96: =LOWER(TRIM(E96)) -> mayol | M96: =IFERROR(IF(J96=1,_xlfn.CONCAT(L96,", ",K96)),0) -> 0 | N96: mayol, luis | O96: =B96 -> 95
A97: LUIS ARTURO ZUÑIGA JORY | B97: 96 | C97: LUIS ARTURO | D97: ARTURO | E97: ZUÑIGA | F97: JORY | I97: =COUNTA(C97:H97) -> 4 | J97: =IF(I97<5,1,0) -> 1 | K97: =LOWER(TRIM(C97)) -> luis arturo | L97: =LOWER(TRIM(E97)) -> zuñiga | M97: =IFERROR(IF(J97=1,_xlfn.CONCAT(L97,", ",K97)),0) -> 0 | N97: zuniga, luis arturo | O97: =B97 -> 96
A98: LUIS RAMÓN BARCELÓ AMADO | B98: 97 | C98: {=_xlfn.TEXTSPLIT(A98," ")} -> #NAME? | D98: #NAME? | E98: #NAME? | F98: #NAME? | I98: =COUNTA(C98:H98) -> 4 | J98: =IF(I98<5,1,0) -> 1 | K98: =LOWER(TRIM(C98)) -> #NAME? | L98: =LOWER(TRIM(E98)) -> #NAME? | M98: =IFERROR(IF(J98=1,_xlfn.CONCAT(L98,", ",K98)),0) -> 0 | N98: barcelo, luis | O98: =B98 -> 97
A99: MALUCHA PINTO SOLARI | B99: 98 | C99: MALUCHA | D99: PINTO | E99: PINTO | F99: SOLARI | I99: =COUNTA(C99:H99) -> 4 | J99: =IF(I99<5,1,0) -> 1 | K99: =LOWER(TRIM(C99)) -> malucha | L99: =LOWER(TRIM(E99)) -> pinto | M99: =IFERROR(IF(J99=1,_xlfn.CONCAT(L99,", ",K99)),0) -> 0 | N99: pinto, malucha | O99: =B99 -> 98
A100: MANUEL JOSE OSSANDON LIRA | B100: 99 | C100: {=_xlfn.TEXTSPLIT(A100," ")} -> #NAME? | D100: #NAME? | E100: #NAME? | F100: #NAME? | I100: =COUNTA(C100:H100) -> 4 | J100: =IF(I100<5,1,0) -> 1 | K100: =LOWER(TRIM(C100)) -> #NAME? | L100: =LOWER(TRIM(E100)) -> #NAME? | M100: =IFERROR(IF(J100=1,_xlfn.CONCAT(L100,", ",K100)),0) -> 0 | N100: ossandon, manuel | O100: =B100 -> 99
...

Sheet inp_ip_mp
A1: nombre | B1: id | C1: inp_ip_mp
A2: ampuero, adriana | B2: 2 | C2: 0
A3: flores, alejandra | B3: 5 | C3: 0
A4: perez, alejandra | B4: 6 | C4: 0
A5: caiguan, alexis | B5: 7 | C5: 0
A6: carrillo, alondra | B6: 9 | C6: 0
A7: saldana, alvin | B7: 11 | C7: 0
A8: labbe, bastian | B8: 17 | C8: 0
A9: baranda, benito | B9: 19 | C9: 0
A10: zarate, camila | B10: 23 | C10: 0
A11: sepulveda, carolina | B11: 27 | C11: 0
A12: uribe, cesar | B12: 31 | C12: 0
A13: san juan, constanza | B13: 36 | C13: 0
... A156: gomez, yarela | B156: 155 | C156: 2

Sheet inp
A1: Independientes no partidarios | B1: separa | E1: organiza | G1: minuscula | I1: acento | K1: nombre_inp | L1: id_inp | M1: inp
A2: Adriana Ampuero | B2: {=_xlfn.TEXTSPLIT(A2," ")} -> #NAME? | C2: #NAME? | E2: Adriana | F2: Ampuero | G2: =LOWER(E2) -> adriana | H2: =LOWER(F2) -> ampuero | I2: adriana | J2: ampuero | K2: ampuero, adriana | L2: =VLOOKUP(K2,all!$N$2:$O$156,2,FALSE) -> 2 | M2: 0
A3: Alejandra Flores | B3: {=_xlfn.TEXTSPLIT(A3," ")} -> #NAME? | C3: #NAME? | E3: Alejandra | F3: Flores | G3: =LOWER(E3) -> alejandra | H3: =LOWER(F3) -> flores | I3: alejandra | J3: flores | K3: flores, alejandra | L3: =VLOOKUP(K3,all!$N$2:$O$156,2,FALSE) -> 5 | M3: 0
A4: Alejandra Pérez | B4: {=_xlfn.TEXTSPLIT(A4," ")} -> #NAME? | C4: #NAME? | E4: Alejandra | F4: Pérez | G4: =LOWER(E4) -> alejandra | H4: =LOWER(F4) -> pérez | I4: alejandra | J4: perez | K4: perez, alejandra | L4: =VLOOKUP(K4,all!$N$2:$O$156,2,FALSE) -> 6 | M4: 0
A5: Alexis Caiguán | B5: {=_xlfn.TEXTSPLIT(A5," ")} -> #NAME? | C5: #NAME? | E5: Alexis | F5: Caiguán | G5: =LOWER(E5) -> alexis | H5: =LOWER(F5) -> caiguán | I5: alexis | J5: caiguan | K5: caiguan, alexis | L5: =VLOOKUP(K5,all!$N$2:$O$156,2,FALSE) -> 7 | M5: 0
A6: Alondra Carrillo | B6: {=_xlfn.TEXTSPLIT(A6," ")} -> #NAME? | C6: #NAME? | E6: Alondra | F6: Carrillo | G6: =LOWER(E6) -> alondra | H6: =LOWER(F6) -> carrillo | I6: alondra | J6: carrillo | K6: carrillo, alondra | L6: =VLOOKUP(K6,all!$N$2:$O$156,2,FALSE) -> 9 | M6: 0
A7: Alvin Saldaña | B7: {=_xlfn.TEXTSPLIT(A7," ")} -> #NAME? | C7: #NAME? | E7: Alvin | F7: Saldaña | G7: =LOWER(E7) -> alvin | H7: =LOWER(F7) -> saldaña | I7: alvin | J7: saldana | K7: saldana, alvin | L7: =VLOOKUP(K7,all!$N$2:$O$156,2,FALSE) -> 11 | M7: 0
A8: Bastián Labbé Salazar | B8: {=_xlfn.TEXTSPLIT(A8," ")} -> #NAME? | C8: #NAME? | D8: #NAME? | E8: Bastián | F8: Labbé | G8: =LOWER(E8) -> bastián | H8: =LOWER(F8) -> labbé | I8: bastian | J8: labbe | K8: labbe, bastian | L8: =VLOOKUP(K8,all!$N$2:$O$156,2,FALSE) -> 17 | M8: 0
A9: Benito Baranda | B9: {=_xlfn.TEXTSPLIT(A9," ")} -> #NAME? | C9: #NAME? | E9: Benito | F9: Baranda | G9: =LOWER(E9) -> benito | H9: =LOWER(F9) -> baranda | I9: benito | J9: baranda | K9: baranda, benito | L9: =VLOOKUP(K9,all!$N$2:$O$156,2,FALSE) -> 19 | M9: 0
A10: Camila Zárate | B10: {=_xlfn.TEXTSPLIT(A10," ")} -> #NAME? | C10: #NAME? | E10: Camila | F10: Zárate | G10: =LOWER(E10) -> camila | H10: =LOWER(F10) -> zárate | I10: camila | J10: zarate | K10: zarate, camila | L10: =VLOOKUP(K10,all!$N$2:$O$156,2,FALSE) -> 23 | M10: 0
A11: Carolina Sepúlveda | B11: {=_xlfn.TEXTSPLIT(A11," ")} -> #NAME? | C11: #NAME? | E11: Carolina | F11: Sepúlveda | G11: =LOWER(E11) -> carolina | H11: =LOWER(F11) -> sepúlveda | I11: carolina | J11: sepulveda | K11: sepulveda, carolina | L11: =VLOOKUP(K11,all!$N$2:$O$156,2,FALSE) -> 27 | M11: 0
A12: César Uribe | B12: {=_xlfn.TEXTSPLIT(A12," ")} -> #NAME? | C12: #NAME? | E12: César | F12: Uribe | G12: =LOWER(E12) -> césar | H12: =LOWER(F12) -> uribe | I12: cesar | J12: uribe | K12: uribe, cesar | L12: =VLOOKUP(K12,all!$N$2:$O$156,2,FALSE) -> 31 | M12: 0
A13: Constanza San Juan | B13: {=_xlfn.TEXTSPLIT(A13," ")} -> #NAME? | C13: #NAME? | D13: #NAME? | E13: Constanza | F13: San Juan | G13: =LOWER(E13) -> constanza | H13: =LOWER(F13) -> san juan | I13: constanza | J13: san juan | K13: san juan, constanza | L13: =VLOOKUP(K13,all!$N$2:$O$156,2,FALSE) -> 36 | M13: 0
A14: Cristina Dorador | B14: {=_xlfn.TEXTSPLIT(A14," ")} -> #NAME? | C14: #NAME? | E14: Cristina | F14: Dorador | G14: =LOWER(E14) -> cristina | H14: =LOWER(F14) -> dorador | I14: cristina | J14: dorador | K14: dorador, cristina | L14: =VLOOKUP(K14,all!$N$2:$O$156,2,FALSE) -> 40 | M14: 0
A15: Dayyana González | B15: {=_xlfn.TEXTSPLIT(A15," ")} -> #NAME? | C15: #NAME? | E15: Dayyana | F15: González | G15: =LOWER(E15) -> dayyana | H15: =LOWER(F15) -> gonzález | I15: dayyana | J15: gonzalez | K15: gonzalez, dayyana | L15: =VLOOKUP(K15,all!$N$2:$O$156,2,FALSE) -> 45 | M15: 0
A16: Elisa Giustinianovich | B16: {=_xlfn.TEXTSPLIT(A16," ")} -> #NAME? | C16: #NAME? | E16: Elisa | F16: Giustinianovich | G16: =LOWER(E16) -> elisa | H16: =LOWER(F16) -> giustinianovich | I16: elisa | J16: giustinianovich | K16: giustinianovich, elisa | L16: =VLOOKUP(K16,all!$N$2:$O$156,2,FALSE) -> 48 | M16: 0
A17: Elisa Loncón | B17: {=_xlfn.TEXTSPLIT(A17," ")} -> #NAME? | C17: #NAME? | E17: Elisa | F17: Loncón | G17: =LOWER(E17) -> elisa | H17: =LOWER(F17) -> loncón | I17: elisa | J17: loncon | K17: loncon, elisa | L17: =VLOOKUP(K17,all!$N$2:$O$156,2,FALSE) -> 49 | M17: 0
A18: Elsa Labraña | B18: {=_xlfn.TEXTSPLIT(A18," ")} -> #NAME? | C18: #NAME? | E18: Elsa | F18: Labraña | G18: =LOWER(E18) -> elsa | H18: =LOWER(F18) -> labraña | I18: elsa | J18: labrana | K18: labrana, elsa | L18: =VLOOKUP(K18,all!$N$2:$O$156,2,FALSE) -> 50 | M18: 0
A19: Eric Chinga | B19: {=_xlfn.TEXTSPLIT(A19," ")} -> #NAME? | C19: #NAME? | E19: Eric | F19: Chinga | G19: =LOWER(E19) -> eric | H19: =LOWER(F19) -> chinga | I19: eric | J19: chinga | K19: chinga, eric | L19: =VLOOKUP(K19,all!$N$2:$O$156,2,FALSE) -> 51 | M19: 0
A20: Félix Galleguillos | B20: {=_xlfn.TEXTSPLIT(A20," ")} -> #NAME? | C20: #NAME? | E20: Félix | F20: Galleguillos | G20: =LOWER(E20) -> félix | H20: =LOWER(F20) -> galleguillos | I20: felix | J20: galleguillos | K20: galleguillos, felix | L20: =VLOOKUP(K20,all!$N$2:$O$156,2,FALSE) -> 55 | M20: 0
A21: Fernando Salinas | B21: {=_xlfn.TEXTSPLIT(A21," ")} -> #NAME? | C21: #NAME? | E21: Fernando | F21: Salinas | G21: =LOWER(E21) -> fernando | H21: =LOWER(F21) -> salinas | I21: fernando | J21: salinas | K21: salinas, fernando | L21: =VLOOKUP(K21,all!$N$2:$O$156,2,FALSE) -> 57 | M21: 0
A22: Francisca Arauna | B22: {=_xlfn.TEXTSPLIT(A22," ")} -> #NAME? | C22: #NAME? | E22: Francisca | F22: Arauna | G22: =LOWER(E22) -> francisca | H22: =LOWER(F22) -> arauna | I22: francisca | J22: arauna | K22: arauna, francisca | L22: =VLOOKUP(K22,all!$N$2:$O$156,2,FALSE) -> 60 | M22: 0
A23: Francisca Linconao | B23: {=_xlfn.TEXTSPLIT(A23," ")} -> #NAME? | C23: #NAME? | E23: Francisca | F23: Linconao | G23: =LOWER(E23) -> francisca | H23: =LOWER(F23) -> linconao | I23: francisca | J23: linconao | K23: linconao, francisca | L23: =VLOOKUP(K23,all!$N$2:$O$156,2,FALSE) -> 59 | M23: 0
A24: Francisco Caamaño | B24: {=_xlfn.TEXTSPLIT(A24," ")} -> #NAME? | C24: #NAME? | E24: Francisco | F24: Caamaño | G24: =LOWER(E24) -> francisco | H24: =LOWER(F24) -> caamaño | I24: francisco | J24: caamano | K24: caamano, francisco | L24: =VLOOKUP(K24,all!$N$2:$O$156,2,FALSE) -> 61 | M24: 0
A25: Gaspar Domínguez Donoso | B25: {=_xlfn.TEXTSPLIT(A25," ")} -> #NAME? | C25: #NAME? | D25: #NAME? | E25: Gaspar | F25: Domínguez | G25: =LOWER(E25) -> gaspar | H25: =LOWER(F25) -> domínguez | I25: gaspar | J25: dominguez | K25: dominguez, gaspar | L25: =VLOOKUP(K25,all!$N$2:$O$156,2,FALSE) -> 63 | M25: 0
A26: Giovanna Grandón | B26: {=_xlfn.TEXTSPLIT(A26," ")} -> #NAME? | C26: #NAME? | E26: Giovanna | F26: Grandón | G26: =LOWER(E26) -> giovanna | H26: =LOWER(F26) -> grandón | I26: giovanna | J26: grandon | K26: grandon, giovanna | L26: =VLOOKUP(K26,all!$N$2:$O$156,2,FALSE) -> 66 | M26: 0
A27: Gloria Alvarado | B27: {=_xlfn.TEXTSPLIT(A27," ")} -> #NAME? | C27: #NAME? | E27: Gloria | F27: Alvarado | G27: =LOWER(E27) -> gloria | H27: =LOWER(F27) -> alvarado | I27: gloria | J27: alvarado | K27: alvarado, gloria | L27: =VLOOKUP(K27,all!$N$2:$O$156,2,FALSE) -> 67 | M27: 0
A28: Guillermo Namor Kong | B28: {=_xlfn.TEXTSPLIT(A28," ")} -> #NAME? | C28: #NAME? | D28: #NAME? | E28: Guillermo | F28: Namor | G28: =LOWER(E28) -> guillermo | H28: =LOWER(F28) -> namor | I28: guillermo | J28: namor | K28: namor, guillermo | L28: =VLOOKUP(K28,all!$N$2:$O$156,2,FALSE) -> 68 | M28: 0
A29: Ingrid Villena | B29: {=_xlfn.TEXTSPLIT(A29," ")} -> #NAME? | C29: #NAME? | E29: Ingrid | F29: Villena | G29: =LOWER(E29) -> ingrid | H29: =LOWER(F29) -> villena | I29: ingrid | J29: villena | K29: villena, ingrid | L29: =VLOOKUP(K29,all!$N$2:$O$156,2,FALSE) -> 75 | M29: 0
A30: Isabel Godoy | B30: {=_xlfn.TEXTSPLIT(A30," ")} -> #NAME? | C30: #NAME? | E30: Isabel | F30: Godoy | G30: =LOWER(E30) -> isabel | H30: =LOWER(F30) -> godoy | I30: isabel | J30: godoy | K30: godoy, isabel | L30: =VLOOKUP(K30,all!$N$2:$O$156,2,FALSE) -> 76 | M30: 0
A31: Isabella Mamani | B31: {=_xlfn.TEXTSPLIT(A31," ")} -> #NAME? | C31: #NAME? | E31: Isabella | F31: Mamani | G31: =LOWER(E31) -> isabella | H31: =LOWER(F31) -> mamani | I31: isabella | J31: mamani | K31: mamani, isabella | L31: =VLOOKUP(K31,all!$N$2:$O$156,2,FALSE) -> 77 | M31: 0
A32: Ivanna Olivares | B32: {=_xlfn.TEXTSPLIT(A32," ")} -> #NAME? | C32: #NAME? | E32: Ivanna | F32: Olivares | G32: =LOWER(E32) -> ivanna | H32: =LOWER(F32) -> olivares | I32: ivanna | J32: olivares | K32: olivares, ivanna | L32: =VLOOKUP(K32,all!$N$2:$O$156,2,FALSE) -> 78 | M32: 0
A33: Javier Fuchslocher Baeza | B33: {=_xlfn.TEXTSPLIT(A33," ")} -> #NAME? | C33: #NAME? | D33: #NAME? | E33: Javier | F33: Fuchslocher | G33: =LOWER(E33) -> javier | H33: =LOWER(F33) -> fuchslocher | I33: javier | J33: fuchslocher | K33: fuchslocher, javier | L33: =VLOOKUP(K33,all!$N$2:$O$156,2,FALSE) -> 81 | M33: 0
A34: Juan José Martín | B34: {=_xlfn.TEXTSPLIT(A34," ")} -> #NAME? | C34: #NAME? | D34: #NAME? | E34: Juan José | F34: Martín | G34: =LOWER(E34) -> juan josé | H34: =LOWER(F34) -> martín | I34: juan jose | J34: martin | K34: martin, juan jose | L34: =VLOOKUP(K34,all!$N$2:$O$156,2,FALSE) -> 86 | M34: 0
A35: Lisette Vergara | B35: {=_xlfn.TEXTSPLIT(A35," ")} -> #NAME? | C35: #NAME? | E35: Lisette | F35: Vergara | G35: =LOWER(E35) -> lisette | H35: =LOWER(F35) -> vergara | I35: lisette | J35: vergara | K35: vergara, lisette | L35: =VLOOKUP(K35,all!$N$2:$O$156,2,FALSE) -> 90 | M35: 0
A36: Lorena Céspedes Fernández | B36: {=_xlfn.TEXTSPLIT(A36," ")} -> #NAME? | C36: #NAME? | D36: #NAME? | E36: Lorena | F36: Céspedes | G36: =LOWER(E36) -> lorena | H36: =LOWER(F36) -> céspedes | I36: lorena | J36: cespedes | K36: cespedes, lorena | L36: =VLOOKUP(K36,all!$N$2:$O$156,2,FALSE) -> 91 | M36: 0
A37: Loreto Vallejos | B37: {=_xlfn.TEXTSPLIT(A37," ")} -> #NAME? | C37: #NAME? | E37: Loreto | F37: Vallejos | G37: =LOWER(E37) -> loreto | H37: =LOWER(F37) -> vallejos | I37: loreto | J37: vallejos | K37: vallejos, loreto | L37: =VLOOKUP(K37,all!$N$2:$O$156,2,FALSE) -> 92 | M37: 0
A38: Loreto Vidal Hernández | B38: {=_xlfn.TEXTSPLIT(A38," ")} -> #NAME? | C38: #NAME? | D38: #NAME? | E38: Loreto | F38: Vidal | G38: =LOWER(E38) -> loreto | H38: =LOWER(F38) -> vidal | I38: loreto | J38: vidal | K38: vidal, loreto | L38: =VLOOKUP(K38,all!$N$2:$O$156,2,FALSE) -> 142 | M38: 0
A39: Luis Jiménez | B39: {=_xlfn.TEXTSPLIT(A39," ")} -> #NAME? | C39: #NAME? | E39: Luis | F39: Jiménez | G39: =LOWER(E39) -> luis | H39: =LOWER(F39) -> jiménez | I39: luis | J39: jimenez | K39: jimenez, luis | L39: =VLOOKUP(K39,all!$N$2:$O$156,2,FALSE) -> 94 | M39: 0
A40: Manuel Woldarsky | B40: {=_xlfn.TEXTSPLIT(A40," ")} -> #NAME? | C40: #NAME? | E40: Manuel | F40: Woldarsky | G40: =LOWER(E40) -> manuel | H40: =LOWER(F40) -> woldarsky | I40: manuel | J40: woldarsky | K40: woldarsky, manuel | L40: =VLOOKUP(K40,all!$N$2:$O$156,2,FALSE) -> 100 | M40: 0
A41: Marco Arellano | B41: {=_xlfn.TEXTSPLIT(A41," ")} -> #NAME? | C41: #NAME? | E41: Marco | F41: Arellano | G41: =LOWER(E41) -> marco | H41: =LOWER(F41) -> arellano | I41: marco | J41: arellano | K41: arellano, marco | L41: =VLOOKUP(K41,all!$N$2:$O$156,2,FALSE) -> 103 | M41: 0
A42: María Elisa Quinteros | B42: {=_xlfn.TEXTSPLIT(A42," ")} -> #NAME? | C42: #NAME? | D42: #NAME? | E42: María Elisa | F42: Quinteros | G42: =LOWER(E42) -> maría elisa | H42: =LOWER(F42) -> quinteros | I42: maria elisa | J42: quinteros | K42: quinteros, maria elisa | L42: =VLOOKUP(K42,all!$N$2:$O$156,2,FALSE) -> 108 | M42: 0
A43: María Trinidad Castillo | B43: {=_xlfn.TEXTSPLIT(A43," ")} -> #NAME? | C43: #NAME? | D43: #NAME? | E43: María Trinidad | F43: Castillo | G43: =LOWER(E43) -> maría trinidad | H43: =LOWER(F43) -> castillo | I43: maria trinidad | J43: castillo | K43: castillo, maria trinidad | L43: =VLOOKUP(K43,all!$N$2:$O$156,2,FALSE) -> 112 | M43: 0
A44: Mauricio Daza Carrasco | B44: {=_xlfn.TEXTSPLIT(A44," ")} -> #NAME? | C44: #NAME? | D44: #NAME? | E44: Mauricio | F44: Daza | G44: =LOWER(E44) -> mauricio | H44: =LOWER(F44) -> daza | I44: mauricio | J44: daza | K44: daza, mauricio | L44: =VLOOKUP(K44,all!$N$2:$O$156,2,FALSE) -> 116 | M44: 0
A45: Miguel Botto | B45: {=_xlfn.TEXTSPLIT(A45," ")} -> #NAME? | C45: #NAME? | E45: Miguel | F45: Botto | G45: =LOWER(E45) -> miguel | H45: =LOWER(F45) -> botto | I45: miguel | J45: botto | K45: botto, miguel angel | L45: =VLOOKUP(K45,all!$N$2:$O$156,2,FALSE) -> 118 | M45: 0
A46: Natalia Henríquez Carreño | B46: {=_xlfn.TEXTSPLIT(A46," ")} -> #NAME? | C46: #NAME? | D46: #NAME? | E46: Natalia | F46: Henríquez | G46: =LOWER(E46) -> natalia | H46: =LOWER(F46) -> henríquez | I46: natalia | J46: henriquez | K46: henriquez, natalia | L46: =VLOOKUP(K46,all!$N$2:$O$156,2,FALSE) -> 119 | M46: 0
A47: Natividad Llanquileo | B47: {=_xlfn.TEXTSPLIT(A47," ")} -> #NAME? | C47: #NAME? | E47: Natividad | F47: Llanquileo | G47: =LOWER(E47) -> natividad | H47: =LOWER(F47) -> llanquileo | I47: natividad | J47: llanquileo | K47: llanquileo, natividad | L47: =VLOOKUP(K47,all!$N$2:$O$156,2,FALSE) -> 120 | M47: 0
A48: Patricia Politzer | B48: {=_xlfn.TEXTSPLIT(A48," ")} -> #NAME? | C48: #NAME? | E48: Patricia | F48: Politzer | G48: =LOWER(E48) -> patricia | H48: =LOWER(F48) -> politzer | I48: patricia | J48: politzer | K48: politzer, patricia | L48: =VLOOKUP(K48,all!$N$2:$O$156,2,FALSE) -> 125 | M48: 0
A49: Paulina Valenzuela | B49: {=_xlfn.TEXTSPLIT(A49," ")} -> #NAME? | C49: #NAME? | E49: Paulina | F49: Valenzuela | G49: =LOWER(E49) -> paulina | H49: =LOWER(F49) -> valenzuela | I49: paulina | J49: valenzuela | K49: valenzuela, paulina | L49: =VLOOKUP(K49,all!$N$2:$O$156,2,FALSE) -> 128 | M49: 0
A50: Rodrigo Logan | B50: {=_xlfn.TEXTSPLIT(A50," ")} -> #NAME? | C50: #NAME? | E50: Rodrigo | F50: Logan | G50: =LOWER(E50) -> rodrigo | H50: =LOWER(F50) -> logan | I50: rodrigo | J50: logan | K50: logan, rodrigo | L50: =VLOOKUP(K50,all!$N$2:$O$156,2,FALSE) -> 139 | M50: 0
A51: Rodrigo Rojas | B51: {=_xlfn.TEXTSPLIT(A51," ")} -> #NAME? | C51: #NAME? | E51: Rodrigo | F51: Rojas | G51: =LOWER(E51) -> rodrigo | H51: =LOWER(F51) -> rojas | I51: rodrigo | J51: rojas | K51: rojas, rodrigo | L51: =VLOOKUP(K51,all!$N$2:$O$156,2,FALSE) -> 140 | M51: 0
A52: Rosa Catrileo | B52: {=_xlfn.TEXTSPLIT(A52," ")} -> #NAME? | C52: #NAME? | E52: Rosa | F52: Catrileo | G52: =LOWER(E52) -> rosa | H52: =LOWER(F52) -> catrileo | I52: rosa | J52: catrileo | K52: catrileo, rosa | L52: =VLOOKUP(K52,all!$N$2:$O$156,2,FALSE) -> 141 | M52: 0
A53: Tammy Pustilnick Arditi | B53: {=_xlfn.TEXTSPLIT(A53," ")} -> #NAME? | C53: #NAME? | D53: #NAME? | E53: Tammy | F53: Pustilnick | G53: =LOWER(E53) -> tammy | H53: =LOWER(F53) -> pustilnick | I53: tammy | J53: pustilnick | K53: pustilnick, tammy | L53: =VLOOKUP(K53,all!$N$2:$O$156,2,FALSE) -> 145 | M53: 0
A54: Tiare Aguilera | B54: {=_xlfn.TEXTSPLIT(A54," ")} -> #NAME? | C54: #NAME? | E54: Tiare | F54: Aguilera | G54: =LOWER(E54) -> tiare | H54: =LOWER(F54) -> aguilera | I54: tiare | J54: aguilera | K54: aguilera, tiare | L54: =VLOOKUP(K54,all!$N$2:$O$156,2,FALSE) -> 149 | M54: 0
A55: Victorino Antilef | B55: {=_xlfn.TEXTSPLIT(A55," ")} -> #NAME? | C55: #NAME? | E55: Victorino | F55: Antilef | G55: =LOWER(E55) -> victorino | H55: =LOWER(F55) -> antilef | I55: victorino | J55: antilef | K55: antilef, victorino | L55: =VLOOKUP(K55,all!$N$2:$O$156,2,FALSE) -> 153 | M55: 0
A56: Wilfredo Bacián | B56: {=_xlfn.TEXTSPLIT(A56," ")} -> #NAME? | C56: #NAME? | E56: Wilfredo | F56: Bacián | G56: =LOWER(E56) -> wilfredo | H56: =LOWER(F56) -> bacián | I56: wilfredo | J56: bacian | K56: bacian, wilfredo | L56: =VLOOKUP(K56,all!$N$2:$O$156,2,FALSE) -> 154 | M56: 0

Sheet ip
A1: Independientes partidarios | B1: dividir | F1: organiza | H1: minuscula | J1: acento | L1: nombre_ip | M1: id_ip | N1: ip
A2: Adolfo Millabur | B2: {=_xlfn.TEXTSPLIT(A2," ")} -> #NAME? | C2: #NAME? | F2: Adolfo | G2: Millabur | H2: =LOWER(F2) -> adolfo | I2: =LOWER(G2) -> millabur | J2: adolfo | K2: millabur | L2: =CONCATENATE(K2,", ",J2) -> millabur, adolfo | M2: =VLOOKUP(L2,all!$N$2:$O$156,2,FALSE) -> 1 | N2: 1
A3: Adriana Cancino | B3: {=_xlfn.TEXTSPLIT(A3," ")} -> #NAME? | C3: #NAME? | F3: Adriana | G3: Cancino | H3: =LOWER(F3) -> adriana | I3: =LOWER(G3) -> cancino | J3: adriana | K3: cancino | L3: =CONCATENATE(K3,", ",J3) -> cancino, adriana | M3: =VLOOKUP(L3,all!$N$2:$O$156,2,FALSE) -> 3 | N3: 1
A4: Agustín Squella | B4: {=_xlfn.TEXTSPLIT(A4," ")} -> #NAME? | C4: #NAME? | F4: Agustín | G4: Squella | H4: =LOWER(F4) -> agustín | I4: =LOWER(G4) -> squella | J4: agustin | K4: squella | L4: =CONCATENATE(K4,", ",J4) -> squella, agustin | M4: =VLOOKUP(L4,all!$N$2:$O$156,2,FALSE) -> 4 | N4: 1
A5: Alfredo Moreno | B5: {=_xlfn.TEXTSPLIT(A5," ")} -> #NAME? | C5: #NAME? | F5: Alfredo | G5: Moreno | H5: =LOWER(F5) -> alfredo | I5: =LOWER(G5) -> moreno | J5: alfredo | K5: moreno | L5: =CONCATENATE(K5,", ",J5) -> moreno, alfredo | M5: =VLOOKUP(L5,all!$N$2:$O$156,2,FALSE) -> 8 | N5: 1
A6: Andrés Cruz | B6: {=_xlfn.TEXTSPLIT(A6," ")} -> #NAME? | C6: #NAME? | F6: Andrés | G6: Cruz | H6: =LOWER(F6) -> andrés | I6: =LOWER(G6) -> cruz | J6: andres | K6: cruz | L6: =CONCATENATE(K6,", ",J6) -> cruz, andres | M6: =VLOOKUP(L6,all!$N$2:$O$156,2,FALSE) -> 13 | N6: 1
A7: Aurora Delgado | B7: {=_xlfn.TEXTSPLIT(A7," ")} -> #NAME? | C7: #NAME? | F7: Aurora | G7: Delgado | H7: =LOWER(F7) -> aurora | I7: =LOWER(G7) -> delgado | J7: aurora | K7: delgado | L7: =CONCATENATE(K7,", ",J7) -> delgado, aurora | M7: =VLOOKUP(L7,all!$N$2:$O$156,2,FALSE) -> 14 | N7: 1
A8: Bárbara Rebolledo | B8: {=_xlfn.TEXTSPLIT(A8," ")} -> #NAME? | C8: #NAME? | F8: Bárbara | G8: Rebolledo | H8: =LOWER(F8) -> bárbara | I8: =LOWER(G8) -> rebolledo | J8: barbara | K8: rebolledo | L8: =CONCATENATE(K8,", ",J8) -> rebolledo, barbara | M8: =VLOOKUP(L8,all!$N$2:$O$156,2,FALSE) -> 15 | N8: 1
A9: Beatriz Sánchez | B9: {=_xlfn.TEXTSPLIT(A9," ")} -> #NAME? | C9: #NAME? | F9: Beatriz | G9: Sánchez | H9: =LOWER(F9) -> beatriz | I9: =LOWER(G9) -> sánchez | J9: beatriz | K9: sanchez | L9: =CONCATENATE(K9,", ",J9) -> sanchez, beatriz | M9: =VLOOKUP(L9,all!$N$2:$O$156,2,FALSE) -> 18 | N9: 1
A10: Bernardo de la Maza | B10: {=_xlfn.TEXTSPLIT(A10," ")} -> #NAME? | C10: #NAME? | D10: #NAME? | E10: #NAME? | F10: Bernardo | G10: de la Maza | H10: =LOWER(F10) -> bernardo | I10: =LOWER(G10) -> de la maza | J10: bernardo | K10: de la maza | L10: =CONCATENATE(K10,", ",J10) -> de la maza, bernardo | M10: =VLOOKUP(L10,all!$N$2:$O$156,2,FALSE) -> 20 | N10: 1
A11: Bernardo Fontaine | B11: {=_xlfn.TEXTSPLIT(A11," ")} -> #NAME? | C11: #NAME? | F11: Bernardo | G11: Fontaine | H11: =LOWER(F11) -> bernardo | I11: =LOWER(G11) -> fontaine | J11: bernardo | K11: fontaine | L11: =CONCATENATE(K11,", ",J11) -> fontaine, bernardo | M11: =VLOOKUP(L11,all!$N$2:$O$156,2,FALSE) -> 21 | N11: 1
A12: Bessy Gallardo | B12: {=_xlfn.TEXTSPLIT(A12," ")} -> #NAME? | C12: #NAME? | F12: Bessy | G12: Gallardo | H12: =LOWER(F12) -> bessy | I12: =LOWER(G12) -> gallardo | J12: bessy | K12: gallardo | L12: =CONCATENATE(K12,", ",J12) -> gallardo, bessy | M12: =VLOOKUP(L12,all!$N$2:$O$156,2,FALSE) -> 22 | N12: 1
A13: Carlos Calvo | B13: {=_xlfn.TEXTSPLIT(A13," ")} -> #NAME? | C13: #NAME? | F13: Carlos | G13: Calvo | H13: =LOWER(F13) -> carlos | I13: =LOWER(G13) -> calvo | J13: carlos | K13: calvo | L13: =CONCATENATE(K13,", ",J13) -> calvo, carlos | M13: =VLOOKUP(L13,all!$N$2:$O$156,2,FALSE) -> 24 | N13: 1
A14: Carolina Vilches | B14: {=_xlfn.TEXTSPLIT(A14," ")} -> #NAME? | C14: #NAME? | F14: Carolina | G14: Vilches | H14: =LOWER(F14) -> carolina | I14: =LOWER(G14) -> vilches | J14: carolina | K14: vilches | L14: =CONCATENATE(K14,", ",J14) -> vilches, carolina | M14: =VLOOKUP(L14,all!$N$2:$O$156,2,FALSE) -> 28 | N14: 1
A15: Claudia Castro | B15: {=_xlfn.TEXTSPLIT(A15," ")} -> #NAME? | C15: #NAME? | F15: Claudia | G15: Castro | H15: =LOWER(F15) -> claudia | I15: =LOWER(G15) -> castro | J15: claudia | K15: castro | L15: =CONCATENATE(K15,", ",J15) -> castro, claudia | M15: =VLOOKUP(L15,all!$N$2:$O$156,2,FALSE) -> 33 | N15: 1
A16: Claudio Gómez | B16: {=_xlfn.TEXTSPLIT(A16," ")} -> #NAME? | C16: #NAME? | F16: Claudio | G16: Gómez | H16: =LOWER(F16) -> claudio | I16: =LOWER(G16) -> gómez | J16: claudio | K16: gomez | L16: =CONCATENATE(K16,", ",J16) -> gomez, claudio | M16: =VLOOKUP(L16,all!$N$2:$O$156,2,FALSE) -> 35 | N16: 1
A17: Cristóbal Andrade | B17: {=_xlfn.TEXTSPLIT(A17," ")} -> #NAME? | C17: #NAME? | F17: Cristóbal | G17: Andrade | H17: =LOWER(F17) -> cristóbal | I17: =LOWER(G17) -> andrade | J17: cristobal | K17: andrade | L17: =CONCATENATE(K17,", ",J17) -> andrade, cristobal | M17: =VLOOKUP(L17,all!$N$2:$O$156,2,FALSE) -> 41 | N17: 1
A18: Christian Viera | B18: {=_xlfn.TEXTSPLIT(A18," ")} -> #NAME? | C18: #NAME? | F18: Christian | G18: Viera | H18: =LOWER(F18) -> christian | I18: =LOWER(G18) -> viera | J18: christian | K18: viera | L18: =CONCATENATE(K18,", ",J18) -> viera, christian | M18: =VLOOKUP(L18,all!$N$2:$O$156,2,FALSE) -> 32 | N18: 1
A19: Damaris Abarca | B19: {=_xlfn.TEXTSPLIT(A19," ")} -> #NAME? | C19: #NAME? | F19: Damaris | G19: Abarca | H19: =LOWER(F19) -> damaris | I19: =LOWER(G19) -> abarca | J19: damaris | K19: abarca | L19: =CONCATENATE(K19,", ",J19) -> abarca, damaris | M19: =VLOOKUP(L19,all!$N$2:$O$156,2,FALSE) -> 42 | N19: 1
A20: Daniel Bravo | B20: {=_xlfn.TEXTSPLIT(A20," ")} -> #NAME? | C20: #NAME? | F20: Daniel | G20: Bravo | H20: =LOWER(F20) -> daniel | I20: =LOWER(G20) -> bravo | J20: daniel | K20: bravo | L20: =CONCATENATE(K20,", ",J20) -> bravo, daniel | M20: =VLOOKUP(L20,all!$N$2:$O$156,2,FALSE) -> 43 | N20: 1
A21: Daniel Stingo | B21: {=_xlfn.TEXTSPLIT(A21," ")} -> #NAME? | C21: #NAME? | F21: Daniel | G21: Stingo | H21: =LOWER(F21) -> daniel | I21: =LOWER(G21) -> stingo | J21: daniel | K21: stingo | L21: =CONCATENATE(K21,", ",J21) -> stingo, daniel | M21: =VLOOKUP(L21,all!$N$2:$O$156,2,FALSE) -> 44 | N21: 1
A22: Fernando Atria | B22: {=_xlfn.TEXTSPLIT(A22," ")} -> #NAME? | C22: #NAME? | F22: Fernando | G22: Atria | H22: =LOWER(F22) -> fernando | I22: =LOWER(G22) -> atria | J22: fernando | K22: atria | L22: =CONCATENATE(K22,", ",J22) -> atria, fernando | M22: =VLOOKUP(L22,all!$N$2:$O$156,2,FALSE) -> 56 | N22: 1
... A32: Luis Barceló | B32: {=_xlfn.TEXTSPLIT(A32," ")} -> #NAME? | C32: #NAME? | F32: Luis | G32: Barceló | H32: =LOWER(F32) -> luis | I32: =LOWER(G32) -> barceló | J32: luis | K32: barcelo | L32: =CONCATENATE(K32,", ",J32) -> barcelo, luis | M32: =VLOOKUP(L32,all!$N$2:$O$156,2,FALSE) -> 97 | N32: 1
A33: Manuel José Ossandón | B33: {=_xlfn.TEXTSPLIT(A33," ")} -> #NAME? | C33: #NAME? | D33: #NAME? | F33: Manuel | G33: Ossandón | H33: =LOWER(F33) -> manuel | I33: =LOWER(G33) -> ossandón | J33: manuel | K33: ossandon | L33: =CONCATENATE(K33,", ",J33) -> ossandon, manuel | M33: =VLOOKUP(L33,all!$N$2:$O$156,2,FALSE) -> 99 | N33: 1
A34: Manuela Royo | B34: {=_xlfn.TEXTSPLIT(A34," ")} -> #NAME? | C34: #NAME? | F34: Manuela | G34: Royo | H34: =LOWER(F34) -> manuela | I34: =LOWER(G34) -> royo | J34: manuela | K34: royo | L34: =CONCATENATE(K34,", ",J34) -> royo, manuela | M34: =VLOOKUP(L34,all!$N$2:$O$156,2,FALSE) -> 101 | N34: 1
A35: Marcela Cubillos | B35: {=_xlfn.TEXTSPLIT(A35," ")} -> #NAME? | C35: #NAME? | F35: Marcela | G35: Cubillos | H35: =LOWER(F35) -> marcela | I35: =LOWER(G35) -> cubillos | J35: marcela | K35: cubillos | L35: =CONCATENATE(K35,", ",J35) -> cubillos, marcela | M35: =VLOOKUP(L35,all!$N$2:$O$156,2,FALSE) -> 102 | N35: 1
A36: María Angélica Tepper | B36: {=_xlfn.TEXTSPLIT(A36," ")} -> #NAME? | C36: #NAME? | D36: #NAME? | F36: María Angélica | G36: Tepper | H36: =LOWER(F36) -> maría angélica | I36: =LOWER(G36) -> tepper | J36: maria angelica | K36: tepper | L36: =CONCATENATE(K36,", ",J36) -> tepper, maria angelica | M36: =VLOOKUP(L36,all!$N$2:$O$156,2,FALSE) -> 106 | N36: 1
A37: María Cecilia Ubilla | B37: {=_xlfn.TEXTSPLIT(A37," ")} -> #NAME? | C37: #NAME? | D37: #NAME? | F37: María Cecilia | G37: Ubilla | H37: =LOWER(F37) -> maría cecilia | I37: =LOWER(G37) -> ubilla | J37: maria cecilia | K37: ubilla | L37: =CONCATENATE(K37,", ",J37) -> ubilla, maria cecilia | M37: =VLOOKUP(L37,all!$N$2:$O$156,2,FALSE) -> 107 | N37: 1
A38: María Magdalena Rivera | B38: {=_xlfn.TEXTSPLIT(A38," ")} -> #NAME? | C38: #NAME? | D38: #NAME? | F38: María Magdalena | G38: Rivera | H38: =LOWER(F38) -> maría magdalena | I38: =LOWER(G38) -> rivera | J38: maria magdalena | K38: rivera | L38: =CONCATENATE(K38,", ",J38) -> rivera, maria magdalena | M38: =VLOOKUP(L38,all!$N$2:$O$156,2,FALSE) -> 110 | N38: 1
A39: Mariela Serey | B39: {=_xlfn.TEXTSPLIT(A39," ")} -> #NAME? | C39: #NAME? | F39: Mariela | G39: Serey | H39: =LOWER(F39) -> mariela | I39: =LOWER(G39) -> serey | J39: mariela | K39: serey | L39: =CONCATENATE(K39,", ",J39) -> serey, mariela | M39: =VLOOKUP(L39,all!$N$2:$O$156,2,FALSE) -> 113 | N39: 1
A40: Patricio Fernández | B40: {=_xlfn.TEXTSPLIT(A40," ")} -> #NAME? | C40: #NAME? | F40: Patricio | G40: Fernández | H40: =LOWER(F40) -> patricio | I40: =LOWER(G40) -> fernández | J40: patricio | K40: fernandez | L40: =CONCATENATE(K40,", ",J40) -> fernandez, patricio | M40: =VLOOKUP(L40,all!$N$2:$O$156,2,FALSE) -> 126 | N40: 1
A41: Pollyana Rivera | B41: {=_xlfn.TEXTSPLIT(A41," ")} -> #NAME? | C41: #NAME? | F41: Pollyana | G41: Rivera | H41: =LOWER(F41) -> pollyana | I41: =LOWER(G41) -> rivera | J41: pollyana | K41: rivera | L41: =CONCATENATE(K41,", ",J41) -> rivera, pollyana | M41: =VLOOKUP(L41,all!$N$2:$O$156,2,FALSE) -> 130 | N41: 1
A42: Renato Garín | B42: {=_xlfn.TEXTSPLIT(A42," ")} -> #NAME? | C42: #NAME? | F42: Renato | G42: Garín | H42: =LOWER(F42) -> renato | I42: =LOWER(G42) -> garín | J42: renato | K42: garin | L42: =CONCATENATE(K42,", ",J42) -> garin, renato | M42: =VLOOKUP(L42,all!$N$2:$O$156,2,FALSE) -> 132 | N42: 1
A43: Ricardo Neumann | B43: {=_xlfn.TEXTSPLIT(A43," ")} -> #NAME? | C43: #NAME? | F43: Ricardo | G43: Neumann | H43: =LOWER(F43) -> ricardo | I43: =LOWER(G43) -> neumann | J43: ricardo | K43: neumann | L43: =CONCATENATE(K43,", ",J43) -> neumann, ricardo | M43: =VLOOKUP(L43,all!$N$2:$O$156,2,FALSE) -> 133 | N43: 1
A44: Roberto Celedón | B44: {=_xlfn.TEXTSPLIT(A44," ")} -> #NAME? | C44: #NAME? | F44: Roberto | G44: Celedón | H44: =LOWER(F44) -> roberto | I44: =LOWER(G44) -> celedón | J44: roberto | K44: celedon | L44: =CONCATENATE(K44,", ",J44) -> celedon, roberto | M44: =VLOOKUP(L44,all!$N$2:$O$156,2,FALSE) -> 135 | N44: 1
A45: Rocío Cantuarias | B45: {=_xlfn.TEXTSPLIT(A45," ")} -> #NAME? | C45: #NAME? | F45: Rocío | G45: Cantuarias | H45: =LOWER(F45) -> rocío | I45: =LOWER(G45) -> cantuarias | J45: rocio | K45: cantuarias | L45: =CONCATENATE(K45,", ",J45) -> cantuarias, rocio | M45: =VLOOKUP(L45,all!$N$2:$O$156,2,FALSE) -> 137 | N45: 1
A46: Ruth Hurtado | B46: {=_xlfn.TEXTSPLIT(A46," ")} -> #NAME? | C46: #NAME? | F46: Ruth | G46: Hurtado | H46: =LOWER(F46) -> ruth | I46: =LOWER(G46) -> hurtado | J46: ruth | K46: hurtado | L46: =CONCATENATE(K46,", ",J46) -> hurtado, ruth | M46: =VLOOKUP(L46,all!$N$2:$O$156,2,FALSE) -> 144 | N46: 1
A47: Tania Madriaga | B47: {=_xlfn.TEXTSPLIT(A47," ")} -> #NAME? | C47: #NAME? | F47: Tania | G47: Madriaga | H47: =LOWER(F47) -> tania | I47: =LOWER(G47) -> madriaga | J47: tania | K47: madriaga | L47: =CONCATENATE(K47,", ",J47) -> madriaga, tania | M47: =VLOOKUP(L47,all!$N$2:$O$156,2,FALSE) -> 146 | N47: 1
A48: Teresa Marinovic | B48: {=_xlfn.TEXTSPLIT(A48," ")} -> #NAME? | C48: #NAME? | F48: Teresa | G48: Marinovic | H48: =LOWER(F48) -> teresa | I48: =LOWER(G48) -> marinovic | J48: teresa | K48: marinovic | L48: =CONCATENATE(K48,", ",J48) -> marinovic, teresa | M48: =VLOOKUP(L48,all!$N$2:$O$156,2,FALSE) -> 148 | N48: 1
A49: Vanessa Hoppe | B49: {=_xlfn.TEXTSPLIT(A49," ")} -> #NAME? | C49: #NAME? | F49: Vanessa | G49: Hoppe | H49: =LOWER(F49) -> vanessa | I49: =LOWER(G49) -> hoppe | J49: vanessa | K49: hoppe | L49: =CONCATENATE(K49,", ",J49) -> hoppe, vanessa | M49: =VLOOKUP(L49,all!$N$2:$O$156,2,FALSE) -> 152 | N49: 1

Sheet mp
A1: Militantes partidarios | B1: dividir | E1: organiza | G1: minuscula | I1: acento | K1: nombre_mp | L1: id_mp | M1: mp
A2: Álvaro Jofré | B2: {=_xlfn.TEXTSPLIT(A2," ")} -> #NAME? | C2: #NAME? | E2: Álvaro | F2: Jofré | G2: =LOWER(E2) -> álvaro | H2: =LOWER(F2) -> jofré | I2: alvaro | J2: jofre | K2: =CONCATENATE(J2,", ",I2) -> jofre, alvaro | L2: =VLOOKUP(K2,all!$N$2:$O$156,2,FALSE) -> 10 | M2: 2
A3: Amaya Álvez | B3: {=_xlfn.TEXTSPLIT(A3," ")} -> #NAME? | C3: #NAME? | E3: Amaya | F3: Álvez | G3: =LOWER(E3) -> amaya | H3: =LOWER(F3) -> álvez | I3: amaya | J3: alvez | K3: =CONCATENATE(J3,", ",I3) -> alvez, amaya | L3: =VLOOKUP(K3,all!$N$2:$O$156,2,FALSE) -> 12 | M3: 2
A4: Arturo Zúñiga | B4: {=_xlfn.TEXTSPLIT(A4," ")} -> #NAME? | C4: #NAME? | E4: Arturo | F4: Zúñiga | G4: =LOWER(E4) -> arturo | H4: =LOWER(F4) -> zúñiga | I4: arturo | J4: zuniga | K4: zuniga, luis arturo | L4: =VLOOKUP(K4,all!$N$2:$O$156,2,FALSE) -> 96 | M4: 2
A5: Bárbara Sepúlveda | B5: {=_xlfn.TEXTSPLIT(A5," ")} -> #NAME? | C5: #NAME? | E5: Bárbara | F5: Sepúlveda | G5: =LOWER(E5) -> bárbara | H5: =LOWER(F5) -> sepúlveda | I5: barbara | J5: sepulveda | K5: =CONCATENATE(J5,", ",I5) -> sepulveda, barbara | L5: =VLOOKUP(K5,all!$N$2:$O$156,2,FALSE) -> 16 | M5: 2
A6: Carol Bown | B6: {=_xlfn.TEXTSPLIT(A6," ")} -> #NAME? | C6: #NAME? | E6: Carol | F6: Bown | G6: =LOWER(E6) -> carol | H6: =LOWER(F6) -> bown | I6: carol | J6: bown | K6: =CONCATENATE(J6,", ",I6) -> bown, carol | L6: =VLOOKUP(K6,all!$N$2:$O$156,2,FALSE) -> 26 | M6: 2
A7: Carolina Videla | B7: {=_xlfn.TEXTSPLIT(A7," ")} -> #NAME? | C7: #NAME? | E7: Carolina | F7: Videla | G7: =LOWER(E7) -> carolina | H7: =LOWER(F7) -> videla | I7: carolina | J7: videla | K7: =CONCATENATE(J7,", ",I7) -> videla, carolina | L7: =VLOOKUP(K7,all!$N$2:$O$156,2,FALSE) -> 29 | M7: 2
A8: César Valenzuela | B8: {=_xlfn.TEXTSPLIT(A8," ")} -> #NAME? | C8: #NAME? | E8: César | F8: Valenzuela | G8: =LOWER(E8) -> césar | H8: =LOWER(F8) -> valenzuela | I8: cesar | J8: valenzuela | K8: =CONCATENATE(J8,", ",I8) -> valenzuela, cesar | L8: =VLOOKUP(K8,all!$N$2:$O$156,2,FALSE) -> 30 | M8: 2
A9: Constanza Hube | B9: {=_xlfn.TEXTSPLIT(A9," ")} -> #NAME? | C9: #NAME? | E9: Constanza | F9: Hube | G9: =LOWER(E9) -> constanza | H9: =LOWER(F9) -> hube | I9: constanza | J9: hube | K9: =CONCATENATE(J9,", ",I9) -> hube, constanza | L9: =VLOOKUP(K9,all!$N$2:$O$156,2,FALSE) -> 38 | M9: 2
A10: Constanza Schonhaut | B10: {=_xlfn.TEXTSPLIT(A10," ")} -> #NAME? | C10: #NAME? | E10: Constanza | F10: Schonhaut | G10: =LOWER(E10) -> constanza | H10: =LOWER(F10) -> schonhaut | I10: constanza | J10: schonhaut | K10: =CONCATENATE(J10,", ",I10) -> schonhaut, constanza | L10: =VLOOKUP(K10,all!$N$2:$O$156,2,FALSE) -> 37 | M10: 2
A11: Cristián Monckeberg | B11: {=_xlfn.TEXTSPLIT(A11," ")} -> #NAME? | C11: #NAME? | E11: Cristián | F11: Monckeberg | G11: =LOWER(E11) -> cristián | H11: =LOWER(F11) -> monckeberg | I11: cristian | J11: monckeberg | K11: =CONCATENATE(J11,", ",I11) -> monckeberg, cristian | L11: =VLOOKUP(K11,all!$N$2:$O$156,2,FALSE) -> 39 | M11: 2
A12: Eduardo Castillo | B12: {=_xlfn.TEXTSPLIT(A12," ")} -> #NAME? | C12: #NAME? | E12: Eduardo | F12: Castillo | G12: =LOWER(E12) -> eduardo | H12: =LOWER(F12) -> castillo | I12: eduardo | J12: castillo | K12: =CONCATENATE(J12,", ",I12) -> castillo, eduardo | L12: =VLOOKUP(K12,all!$N$2:$O$156,2,FALSE) -> 47 | M12: 2
A13: Eduardo Cretton | B13: {=_xlfn.TEXTSPLIT(A13," ")} -> #NAME? | C13: #NAME? | E13: Eduardo | F13: Cretton | G13: =LOWER(E13) -> eduardo | H13: =LOWER(F13) -> cretton | I13: eduardo | J13: cretton | K13: =CONCATENATE(J13,", ",I13) -> cretton, eduardo | L13: =VLOOKUP(K13,all!$N$2:$O$156,2,FALSE) -> 46 | M13: 2
A14: Ericka Portilla | B14: {=_xlfn.TEXTSPLIT(A14," ")} -> #NAME? | C14: #NAME? | E14: Ericka | F14: Portilla | G14: =LOWER(E14) -> ericka | H14: =LOWER(F14) -> portilla | I14: ericka | J14: portilla | K14: =CONCATENATE(J14,", ",I14) -> portilla, ericka | L14: =VLOOKUP(K14,all!$N$2:$O$156,2,FALSE) -> 52 | M14: 2
A15: Felipe Harboe | B15: {=_xlfn.TEXTSPLIT(A15," ")} -> #NAME? | C15: #NAME? | E15: Felipe | F15: Harboe | G15: =LOWER(E15) -> felipe | H15: =LOWER(F15) -> harboe | I15: felipe | J15: harboe | K15: =CONCATENATE(J15,", ",I15) -> harboe, felipe | L15: =VLOOKUP(K15,all!$N$2:$O$156,2,FALSE) -> 53 | M15: 2
A16: Felipe Mena | B16: {=_xlfn.TEXTSPLIT(A16," ")} -> #NAME? | C16: #NAME? | E16: Felipe | F16: Mena | G16: =LOWER(E16) -> felipe | H16: =LOWER(F16) -> mena | I16: felipe | J16: mena | K16: =CONCATENATE(J16,", ",I16) -> mena, felipe | L16: =VLOOKUP(K16,all!$N$2:$O$156,2,FALSE) -> 54 | M16: 2
... A32: Margarita Vargas | B32: {=_xlfn.TEXTSPLIT(A32," ")} -> #NAME? | C32: #NAME? | E32: Margarita | F32: Vargas | G32: =LOWER(E32) -> margarita | H32: =LOWER(F32) -> vargas | I32: margarita | J32: vargas | K32: =CONCATENATE(J32,", ",I32) -> vargas, margarita | L32: =VLOOKUP(K32,all!$N$2:$O$156,2,FALSE) -> 105 | M32: 2
A33: María José Oyarzún | B33: {=_xlfn.TEXTSPLIT(A33," ")} -> #NAME? | C33: #NAME? | D33: #NAME? | E33: María José | F33: Oyarzún | G33: =LOWER(E33) -> maría josé | H33: =LOWER(F33) -> oyarzún | I33: maria jose | J33: oyarzun | K33: =CONCATENATE(J33,", ",I33) -> oyarzun, maria jose | L33: =VLOOKUP(K33,all!$N$2:$O$156,2,FALSE) -> 109 | M33: 2
A34: Mario Vargas | B34: {=_xlfn.TEXTSPLIT(A34," ")} -> #NAME? | C34: #NAME? | E34: Mario | F34: Vargas | G34: =LOWER(E34) -> mario | H34: =LOWER(F34) -> vargas | I34: mario | J34: vargas | K34: =CONCATENATE(J34,", ",I34) -> vargas, mario | L34: =VLOOKUP(K34,all!$N$2:$O$156,2,FALSE) -> 114 | M34: 2
A35: Martín Arrau | B35: {=_xlfn.TEXTSPLIT(A35," ")} -> #NAME? | C35: #NAME? | E35: Martín | F35: Arrau | G35: =LOWER(E35) -> martín | H35: =LOWER(F35) -> arrau | I35: martin | J35: arrau | K35: =CONCATENATE(J35,", ",I35) -> arrau, martin | L35: =VLOOKUP(K35,all!$N$2:$O$156,2,FALSE) -> 25 | M35: 2
A36: Matías Orellana | B36: {=_xlfn.TEXTSPLIT(A36," ")} -> #NAME? | C36: #NAME? | E36: Matías | F36: Orellana | G36: =LOWER(E36) -> matías | H36: =LOWER(F36) -> orellana | I36: matias | J36: orellana | K36: =CONCATENATE(J36,", ",I36) -> orellana, matias | L36: =VLOOKUP(K36,all!$N$2:$O$156,2,FALSE) -> 115 | M36: 2
A37: Maximiliano Hurtado | B37: {=_xlfn.TEXTSPLIT(A37," ")} -> #NAME? | C37: #NAME? | E37: Maximiliano | F37: Hurtado | G37: =LOWER(E37) -> maximiliano | H37: =LOWER(F37) -> hurtado | I37: maximiliano | J37: hurtado | K37: =CONCATENATE(J37,", ",I37) -> hurtado, maximiliano | L37: =VLOOKUP(K37,all!$N$2:$O$156,2,FALSE) -> 117 | M37: 2
A38: Nicolás Núñez | B38: {=_xlfn.TEXTSPLIT(A38," ")} -> #NAME? | C38: #NAME? | E38: Nicolás | F38: Núñez | G38: =LOWER(E38) -> nicolás | H38: =LOWER(F38) -> núñez | I38: nicolas | J38: nunez | K38: =CONCATENATE(J38,", ",I38) -> nunez, nicolas | L38: =VLOOKUP(K38,all!$N$2:$O$156,2,FALSE) -> 121 | M38: 2
A39: Pablo Toloza | B39: {=_xlfn.TEXTSPLIT(A39," ")} -> #NAME? | C39: #NAME? | E39: Pablo | F39: Toloza | G39: =LOWER(E39) -> pablo | H39: =LOWER(F39) -> toloza | I39: pablo | J39: toloza | K39: =CONCATENATE(J39,", ",I39) -> toloza, pablo | L39: =VLOOKUP(K39,all!$N$2:$O$156,2,FALSE) -> 122 | M39: 2
A40: Paola Grandón | B40: {=_xlfn.TEXTSPLIT(A40," ")} -> #NAME? | C40: #NAME? | E40: Paola | F40: Grandón | G40: =LOWER(E40) -> paola | H40: =LOWER(F40) -> grandón | I40: paola | J40: grandon | K40: =CONCATENATE(J40,", ",I40) -> grandon, paola | L40: =VLOOKUP(K40,all!$N$2:$O$156,2,FALSE) -> 123 | M40: 2
A41: Patricia Labra | B41: {=_xlfn.TEXTSPLIT(A41," ")} -> #NAME? | C41: #NAME? | E41: Patricia | F41: Labra | G41: =LOWER(E41) -> patricia | H41: =LOWER(F41) -> labra | I41: patricia | J41: labra | K41: =CONCATENATE(J41,", ",I41) -> labra, patricia | L41: =VLOOKUP(K41,all!$N$2:$O$156,2,FALSE) -> 124 | M41: 2
A42: Paulina Veloso | B42: {=_xlfn.TEXTSPLIT(A42," ")} -> #NAME? | C42: #NAME? | E42: Paulina | F42: Veloso | G42: =LOWER(E42) -> paulina | H42: =LOWER(F42) -> veloso | I42: paulina | J42: veloso | K42: =CONCATENATE(J42,", ",I42) -> veloso, paulina | L42: =VLOOKUP(K42,all!$N$2:$O$156,2,FALSE) -> 127 | M42: 2
A43: Pedro Muñoz | B43: {=_xlfn.TEXTSPLIT(A43," ")} -> #NAME? | C43: #NAME? | E43: Pedro | F43: Muñoz | G43: =LOWER(E43) -> pedro | H43: =LOWER(F43) -> muñoz | I43: pedro | J43: munoz | K43: =CONCATENATE(J43,", ",I43) -> munoz, pedro | L43: =VLOOKUP(K43,all!$N$2:$O$156,2,FALSE) -> 129 | M43: 2
A44: Ramona Reyes | B44: {=_xlfn.TEXTSPLIT(A44," ")} -> #NAME? | C44: #NAME? | E44: Ramona | F44: Reyes | G44: =LOWER(E44) -> ramona | H44: =LOWER(F44) -> reyes | I44: ramona | J44: reyes | K44: reyes, maria ramona | L44: =VLOOKUP(K44,all!$N$2:$O$156,2,FALSE) -> 111 | M44: 2
A45: Raúl Celis | B45: {=_xlfn.TEXTSPLIT(A45," ")} -> #NAME? | C45: #NAME? | E45: Raúl | F45: Celis | G45: =LOWER(E45) -> raúl | H45: =LOWER(F45) -> celis | I45: raul | J45: celis | K45: =CONCATENATE(J45,", ",I45) -> celis, raul | L45: =VLOOKUP(K45,all!$N$2:$O$156,2,FALSE) -> 131 | M45: 2
A46: Ricardo Montero | B46: {=_xlfn.TEXTSPLIT(A46," ")} -> #NAME? | C46: #NAME? | E46: Ricardo | F46: Montero | G46: =LOWER(E46) -> ricardo | H46: =LOWER(F46) -> montero | I46: ricardo | J46: montero | K46: =CONCATENATE(J46,", ",I46) -> montero, ricardo | L46: =VLOOKUP(K46,all!$N$2:$O$156,2,FALSE) -> 134 | M46: 2
A47: Roberto Vega | B47: {=_xlfn.TEXTSPLIT(A47," ")} -> #NAME? | C47: #NAME? | E47: Roberto | F47: Vega | G47: =LOWER(E47) -> roberto | H47: =LOWER(F47) -> vega | I47: roberto | J47: vega | K47: =CONCATENATE(J47,", ",I47) -> vega, roberto | L47: =VLOOKUP(K47,all!$N$2:$O$156,2,FALSE) -> 136 | M47: 2
A48: Rodrigo Álvarez | B48: {=_xlfn.TEXTSPLIT(A48," ")} -> #NAME? | C48: #NAME? | E48: Rodrigo | F48: Álvarez | G48: =LOWER(E48) -> rodrigo | H48: =LOWER(F48) -> álvarez | I48: rodrigo | J48: alvarez | K48: =CONCATENATE(J48,", ",I48) -> alvarez, rodrigo | L48: =VLOOKUP(K48,all!$N$2:$O$156,2,FALSE) -> 138 | M48: 2
A49: Ruggero Cozzi | B49: {=_xlfn.TEXTSPLIT(A49," ")} -> #NAME? | C49: #NAME? | E49: Ruggero | F49: Cozzi | G49: =LOWER(E49) -> ruggero | H49: =LOWER(F49) -> cozzi | I49: ruggero | J49: cozzi | K49: =CONCATENATE(J49,", ",I49) -> cozzi, ruggero | L49: =VLOOKUP(K49,all!$N$2:$O$156,2,FALSE) -> 143 | M49: 2
A50: Tatiana Urrutia | B50: {=_xlfn.TEXTSPLIT(A50," ")} -> #NAME? | C50: #NAME? | E50: Tatiana | F50: Urrutia | G50: =LOWER(E50) -> tatiana | H50: =LOWER(F50) -> urrutia | I50: tatiana | J50: urrutia | K50: =CONCATENATE(J50,", ",I50) -> urrutia, tatiana | L50: =VLOOKUP(K50,all!$N$2:$O$156,2,FALSE) -> 147 | M50: 2
A51: Tomás Laibe | B51: {=_xlfn.TEXTSPLIT(A51," ")} -> #NAME? | C51: #NAME? | E51: Tomás | F51: Laibe | G51: =LOWER(E51) -> tomás | H51: =LOWER(F51) -> laibe | I51: tomas | J51: laibe | K51: =CONCATENATE(J51,", ",I51) -> laibe, tomas | L51: =VLOOKUP(K51,all!$N$2:$O$156,2,FALSE) -> 150 | M51: 2
A52: Valentina Miranda | B52: {=_xlfn.TEXTSPLIT(A52," ")} -> #NAME? | C52: #NAME? | E52: Valentina | F52: Miranda | G52: =LOWER(E52) -> valentina | H52: =LOWER(F52) -> miranda | I52: valentina | J52: miranda | K52: =CONCATENATE(J52,", ",I52) -> miranda, valentina | L52: =VLOOKUP(K52,all!$N$2:$O$156,2,FALSE) -> 151 | M52: 2
A53: Yarela Gómez | B53: {=_xlfn.TEXTSPLIT(A53," ")} -> #NAME? | C53: #NAME? | E53: Yarela | F53: Gómez | G53: =LOWER(E53) -> yarela | H53: =LOWER(F53) -> gómez | I53: yarela | J53: gomez | K53: =CONCATENATE(J53,", ",I53) -> gomez, yarela | L53: =VLOOKUP(K53,all!$N$2:$O$156,2,FALSE) -> 155 | M53: 2
